chrom,bin,diff,n_win,dataset,start
1,0,0.001943057732458016,15,CD_epithelial,0
1,1,0.006050952141018327,12,CD_epithelial,10000000
1,2,-0.012901468268602164,16,CD_epithelial,20000000
1,3,-0.0015200822528806716,13,CD_epithelial,30000000
1,4,-0.011933503562424208,14,CD_epithelial,40000000
1,5,0.000532638444851307,8,CD_epithelial,50000000
1,6,0.003972481385810418,6,CD_epithelial,60000000
1,8,0.005850957874413704,5,CD_epithelial,80000000
1,9,0.001480396385125872,6,CD_epithelial,90000000
1,10,0.00405955191562918,7,CD_epithelial,100000000
1,11,0.004663731912744856,11,CD_epithelial,110000000
1,15,-0.015904017175493546,26,CD_epithelial,150000000
1,16,0.0024344852540720773,12,CD_epithelial,160000000
1,17,0.011059891718644549,7,CD_epithelial,170000000
1,18,0.01203987698593351,5,CD_epithelial,180000000
1,20,0.004175875164991496,14,CD_epithelial,200000000
1,21,0.015568051464800916,5,CD_epithelial,210000000
1,22,-0.0015761703456933006,9,CD_epithelial,220000000
1,23,-0.006312088879214029,6,CD_epithelial,230000000
1,24,0.005091838011776014,6,CD_epithelial,240000000
10,0,0.004820578305200611,5,CD_epithelial,0
10,1,0.005143853710929945,6,CD_epithelial,10000000
10,2,0.008977106039557831,5,CD_epithelial,20000000
10,4,0.009400014989438332,5,CD_epithelial,40000000
10,7,-0.006076524435565705,8,CD_epithelial,70000000
10,8,0.0031057885190617354,7,CD_epithelial,80000000
10,9,0.009493799263665972,8,CD_epithelial,90000000
10,10,0.0019926641123887536,8,CD_epithelial,100000000
10,11,0.007897325380141528,6,CD_epithelial,110000000
10,12,-0.0001815124287812244,5,CD_epithelial,120000000
11,0,-0.004487013420097065,18,CD_epithelial,0
11,1,-0.011560767756613544,8,CD_epithelial,10000000
11,3,0.0008465876969718773,5,CD_epithelial,30000000
11,4,0.0034782545595460393,6,CD_epithelial,40000000
11,5,0.004321762972258632,5,CD_epithelial,50000000
11,6,-0.01658566529784268,29,CD_epithelial,60000000
11,7,-0.006948206905012263,10,CD_epithelial,70000000
11,10,0.009777023137606129,5,CD_epithelial,100000000
11,11,0.0017354247932666017,12,CD_epithelial,110000000
11,12,-0.0027886518332485306,8,CD_epithelial,120000000
12,0,-0.01123914540449687,14,CD_epithelial,0
12,1,0.007385272401113119,9,CD_epithelial,10000000
12,2,0.003473757790624206,5,CD_epithelial,20000000
12,4,-0.0003378203435310308,10,CD_epithelial,40000000
12,5,-0.04296930909800174,20,CD_epithelial,50000000
12,6,0.008755997483102296,6,CD_epithelial,60000000
12,9,0.001417934679588432,5,CD_epithelial,90000000
12,10,-0.003583595251464832,8,CD_epithelial,100000000
12,11,-0.012744522425542998,8,CD_epithelial,110000000
12,12,-0.050007992013340385,10,CD_epithelial,120000000
13,2,-0.029485161767936825,6,CD_epithelial,20000000
13,4,-0.0036165240761524275,6,CD_epithelial,40000000
14,2,0.00029325761980281405,12,CD_epithelial,20000000
14,3,-0.011877555344426357,5,CD_epithelial,30000000
14,5,0.0013436910127397003,7,CD_epithelial,50000000
14,6,-0.0008012449073196939,6,CD_epithelial,60000000
14,7,0.003591579236066657,9,CD_epithelial,70000000
14,9,0.002596631034011914,8,CD_epithelial,90000000
14,10,0.0004753038527089883,8,CD_epithelial,100000000
15,3,0.0036621722163704745,5,CD_epithelial,30000000
15,4,-0.0014854351529034204,12,CD_epithelial,40000000
15,5,0.002903603794792957,6,CD_epithelial,50000000
15,6,-0.02899795030765582,8,CD_epithelial,60000000
15,7,-0.007964428524294095,10,CD_epithelial,70000000
15,8,-0.0015647056077572944,7,CD_epithelial,80000000
15,9,0.0075868534401253825,5,CD_epithelial,90000000
16,0,-0.01139039537960508,19,CD_epithelial,0
16,1,-0.0042537722743790024,7,CD_epithelial,10000000
16,2,0.003940695023603717,12,CD_epithelial,20000000
16,3,0.0011347623246390909,7,CD_epithelial,30000000
16,5,-0.0006977434265353602,8,CD_epithelial,50000000
16,6,0.0071121020553301315,10,CD_epithelial,60000000
16,7,0.013389258234287603,7,CD_epithelial,70000000
16,8,0.002878051443657031,11,CD_epithelial,80000000
17,0,-0.00440860401213336,22,CD_epithelial,0
17,1,0.008807813701808415,10,CD_epithelial,10000000
17,2,-0.000877674707103971,6,CD_epithelial,20000000
17,3,-0.027986092607270585,8,CD_epithelial,30000000
17,4,-7.999708367484288e-05,25,CD_epithelial,40000000
17,5,0.0011818409778350512,8,CD_epithelial,50000000
17,6,0.011236891246524092,8,CD_epithelial,60000000
17,7,0.0027658552273817955,14,CD_epithelial,70000000
17,8,-0.0016974428533897351,8,CD_epithelial,80000000
18,0,0.007610394588589237,5,CD_epithelial,0
19,0,-0.02902388731930538,27,CD_epithelial,0
19,1,-0.023502547535746765,27,CD_epithelial,10000000
19,2,0.00096007846257091,5,CD_epithelial,20000000
19,3,-0.005292403350061577,19,CD_epithelial,30000000
19,4,-0.01217024119001382,30,CD_epithelial,40000000
19,5,-0.007240065764345926,29,CD_epithelial,50000000
2,0,-0.004044540377171866,5,CD_epithelial,0
2,2,0.0014385971551359976,10,CD_epithelial,20000000
2,3,-0.000695177523759817,6,CD_epithelial,30000000
2,4,-0.02192208555693097,6,CD_epithelial,40000000
2,6,0.0029600789800446423,8,CD_epithelial,60000000
2,7,-0.013227823633438872,8,CD_epithelial,70000000
2,9,-0.0024058930039754225,6,CD_epithelial,90000000
2,10,0.00012975211880618832,6,CD_epithelial,100000000
2,11,0.005148748907603371,6,CD_epithelial,110000000
2,17,-0.0005570462761376248,7,CD_epithelial,170000000
2,19,0.005977212820327289,5,CD_epithelial,190000000
2,20,-0.0030338618726411864,7,CD_epithelial,200000000
2,21,-0.016779519881971138,8,CD_epithelial,210000000
2,23,-0.008736654030485852,8,CD_epithelial,230000000
20,0,0.0015382650899026587,9,CD_epithelial,0
20,2,0.011591101764406348,5,CD_epithelial,20000000
20,3,-0.0012755904794911552,10,CD_epithelial,30000000
20,4,0.006001689643891025,10,CD_epithelial,40000000
20,5,0.004695591351715716,7,CD_epithelial,50000000
20,6,-0.026603835233756905,6,CD_epithelial,60000000
21,3,0.001255752372221955,7,CD_epithelial,30000000
21,4,0.005182391606143059,7,CD_epithelial,40000000
22,2,-0.001875135492355738,11,CD_epithelial,20000000
22,3,-0.00800849849913515,13,CD_epithelial,30000000
22,4,-0.0331000911071716,9,CD_epithelial,40000000
3,0,-0.009292230990484738,5,CD_epithelial,0
3,1,-0.005013074324047303,7,CD_epithelial,10000000
3,3,-0.018398215143198098,6,CD_epithelial,30000000
3,4,-0.0029058534721557424,15,CD_epithelial,40000000
3,5,-0.009957514766640162,11,CD_epithelial,50000000
3,11,0.0005521395440325844,7,CD_epithelial,110000000
3,12,0.016973106158786805,10,CD_epithelial,120000000
3,13,0.004472205501611968,6,CD_epithelial,130000000
3,14,0.007481738575785125,5,CD_epithelial,140000000
3,15,0.005477054875163309,6,CD_epithelial,150000000
3,18,0.0056497049175848555,9,CD_epithelial,180000000
3,19,0.012466150843576263,8,CD_epithelial,190000000
4,0,0.005709451409496102,10,CD_epithelial,0
4,7,0.0031056082349933886,8,CD_epithelial,70000000
4,8,0.011688852959123244,5,CD_epithelial,80000000
4,10,-0.031684743857831724,5,CD_epithelial,100000000
4,15,-0.002171132374844783,5,CD_epithelial,150000000
4,18,0.011859065239250292,5,CD_epithelial,180000000
5,0,0.002856175495829873,6,CD_epithelial,0
5,3,-0.0005042243414669944,5,CD_epithelial,30000000
5,5,0.00735216017932473,5,CD_epithelial,50000000
5,7,-0.008166426981511375,7,CD_epithelial,70000000
5,13,-0.014641599856768914,10,CD_epithelial,130000000
5,14,0.0008001168960376384,13,CD_epithelial,140000000
5,15,-0.014325669249778544,7,CD_epithelial,150000000
5,17,-0.0023082262201349155,10,CD_epithelial,170000000
6,0,0.0004206030522599142,6,CD_epithelial,0
6,1,0.006283299702185804,5,CD_epithelial,10000000
6,2,0.019676832507332404,9,CD_epithelial,20000000
6,3,-0.03132170450540346,23,CD_epithelial,30000000
6,4,0.0026190584838697586,11,CD_epithelial,40000000
6,8,-0.002689639912171668,5,CD_epithelial,80000000
6,11,0.003326302193461949,5,CD_epithelial,110000000
6,13,-0.0005208257293861557,7,CD_epithelial,130000000
6,14,0.0009654423816864984,5,CD_epithelial,140000000
6,15,0.007633428308514961,5,CD_epithelial,150000000
7,0,-0.013934490760077042,9,CD_epithelial,0
7,2,-0.004821933091576717,7,CD_epithelial,20000000
7,3,-0.0002982848754210137,5,CD_epithelial,30000000
7,4,-0.000948866262967339,6,CD_epithelial,40000000
7,7,0.002290326924101525,6,CD_epithelial,70000000
7,9,0.0006586260238432746,8,CD_epithelial,90000000
7,10,0.001665669798207968,11,CD_epithelial,100000000
7,12,0.0003833471075121269,6,CD_epithelial,120000000
7,13,0.001920628673943976,6,CD_epithelial,130000000
7,14,-0.0009349847782423657,7,CD_epithelial,140000000
7,15,0.008281333774318018,7,CD_epithelial,150000000
8,1,0.013936699604661174,5,CD_epithelial,10000000
8,2,0.00874295010885005,7,CD_epithelial,20000000
8,3,-0.0006300095188757123,5,CD_epithelial,30000000
8,9,-0.016089745385594083,5,CD_epithelial,90000000
8,10,-0.06689092754729777,5,CD_epithelial,100000000
8,14,0.00652484493237752,9,CD_epithelial,140000000
9,0,-0.003861522463623391,5,CD_epithelial,0
9,3,0.004583151670567621,9,CD_epithelial,30000000
9,9,0.004443325320357798,7,CD_epithelial,90000000
9,11,0.0036470257646960633,6,CD_epithelial,110000000
9,12,-0.03135670247074564,13,CD_epithelial,120000000
9,13,-0.0011661971056285973,14,CD_epithelial,130000000
1,0,-0.001303458591005953,15,CD_immune,0
1,1,0.005020401643217775,12,CD_immune,10000000
1,2,0.01662266366817205,16,CD_immune,20000000
1,3,0.0032369262602970506,13,CD_immune,30000000
1,4,0.00022302261023061386,14,CD_immune,40000000
1,5,-0.00903751209648808,8,CD_immune,50000000
1,6,-0.006921146772830118,6,CD_immune,60000000
1,8,-0.0009559682048173766,5,CD_immune,80000000
1,9,-0.005129439126965612,6,CD_immune,90000000
1,10,-0.004076201838724807,7,CD_immune,100000000
1,11,-0.005541322509288352,11,CD_immune,110000000
1,15,0.015217813210919555,26,CD_immune,150000000
1,16,0.017235613710712933,12,CD_immune,160000000
1,17,-0.008146343760796688,7,CD_immune,170000000
1,18,0.0023259718493366358,5,CD_immune,180000000
1,20,-0.0040478674348519645,14,CD_immune,200000000
1,21,-0.0012979769473059964,5,CD_immune,210000000
1,22,-0.0017098681950163822,9,CD_immune,220000000
1,23,-0.0035945549215270906,6,CD_immune,230000000
1,24,-0.004372963965889029,6,CD_immune,240000000
10,0,-0.0034317760518520054,5,CD_immune,0
10,1,-0.0003835819859146312,6,CD_immune,10000000
10,2,-0.005837731613984902,5,CD_immune,20000000
10,4,-0.002898185064418032,5,CD_immune,40000000
10,7,0.013353357670545274,8,CD_immune,70000000
10,8,-0.001536971328403892,7,CD_immune,80000000
10,9,-0.0032204811673129056,8,CD_immune,90000000
10,10,-0.003744575553145533,8,CD_immune,100000000
10,11,-0.005170442558426654,6,CD_immune,110000000
10,12,-0.0023295513293762693,5,CD_immune,120000000
11,0,-0.0008284058270330682,18,CD_immune,0
11,1,-0.0030907519629357312,8,CD_immune,10000000
11,3,-0.004484242674583987,5,CD_immune,30000000
11,4,0.005406996766022096,6,CD_immune,40000000
11,5,0.013905387554547805,5,CD_immune,50000000
11,6,0.015812730057307982,29,CD_immune,60000000
11,7,-0.0015894873124226096,10,CD_immune,70000000
11,10,-0.003980236821313895,5,CD_immune,100000000
11,11,-0.009897968113287895,12,CD_immune,110000000
11,12,-0.009086870290142046,8,CD_immune,120000000
12,0,0.00028079455374711425,14,CD_immune,0
12,1,-0.0061988776881624665,9,CD_immune,10000000
12,2,-0.00697114100553574,5,CD_immune,20000000
12,4,-0.0009731037665617742,10,CD_immune,40000000
12,5,0.004569057145515799,20,CD_immune,50000000
12,6,0.0018855218008068378,6,CD_immune,60000000
12,9,-0.006088406122172421,5,CD_immune,90000000
12,10,-0.0008956709205653245,8,CD_immune,100000000
12,11,0.011107595201969708,8,CD_immune,110000000
12,12,0.005805837822758733,10,CD_immune,120000000
13,2,-0.005497152038601187,6,CD_immune,20000000
13,4,0.005414268512697884,6,CD_immune,40000000
14,2,-0.003250954673241596,12,CD_immune,20000000
14,3,-0.007477066093756371,5,CD_immune,30000000
14,5,-0.004690500927326653,7,CD_immune,50000000
14,6,-0.004668312883072484,6,CD_immune,60000000
14,7,0.0008878329804017768,9,CD_immune,70000000
14,9,-0.0033105049380466327,8,CD_immune,90000000
14,10,-0.0020588057599602656,8,CD_immune,100000000
15,3,-0.0057386632524735245,5,CD_immune,30000000
15,4,-0.0004995452841542307,12,CD_immune,40000000
15,5,-0.00291600096752092,6,CD_immune,50000000
15,6,0.011558052317692717,8,CD_immune,60000000
15,7,0.0019761476673147245,10,CD_immune,70000000
15,8,0.008325468595688381,7,CD_immune,80000000
15,9,-0.005711476711746433,5,CD_immune,90000000
16,0,-0.008288026814164925,19,CD_immune,0
16,1,-0.00503959139907741,7,CD_immune,10000000
16,2,-0.004167039135017439,12,CD_immune,20000000
16,3,0.0002127962076736735,7,CD_immune,30000000
16,5,-0.0018731868069477688,8,CD_immune,50000000
16,6,-0.004217132697373665,10,CD_immune,60000000
16,7,-0.00562308088627496,7,CD_immune,70000000
16,8,0.0039383637529100575,11,CD_immune,80000000
17,0,0.00979099423121405,22,CD_immune,0
17,1,-0.003960497879710769,10,CD_immune,10000000
17,2,-0.0012554204773232718,6,CD_immune,20000000
17,3,-0.0034973524880056823,8,CD_immune,30000000
17,4,-0.0032249435685235256,25,CD_immune,40000000
17,5,-0.0016207287803950106,8,CD_immune,50000000
17,6,-0.003958860964460584,8,CD_immune,60000000
17,7,0.003387948701502643,14,CD_immune,70000000
17,8,0.007177044899377412,8,CD_immune,80000000
18,0,0.006570288455393793,5,CD_immune,0
19,0,0.005215463799257268,27,CD_immune,0
19,1,0.007917500950941328,27,CD_immune,10000000
19,2,-0.0032201466686038226,5,CD_immune,20000000
19,3,0.004011705334289214,19,CD_immune,30000000
19,4,0.0038849780813739175,30,CD_immune,40000000
19,5,-0.0006701807342808276,29,CD_immune,50000000
2,0,-0.005532814380305643,5,CD_immune,0
2,2,-0.004395381168851116,10,CD_immune,20000000
2,3,-0.007817541937622212,6,CD_immune,30000000
2,4,-0.002776937568826157,6,CD_immune,40000000
2,6,0.01035688560451587,8,CD_immune,60000000
2,7,0.01874684100841706,8,CD_immune,70000000
2,9,-0.0032776823776324814,6,CD_immune,90000000
2,10,-0.004111479270164404,6,CD_immune,100000000
2,11,0.004215129415957306,6,CD_immune,110000000
2,17,-0.0028640427085647657,7,CD_immune,170000000
2,19,-0.004511233355197189,5,CD_immune,190000000
2,20,-0.0026756682796482078,7,CD_immune,200000000
2,21,-0.004497326091631743,8,CD_immune,210000000
2,23,-0.005602551918811284,8,CD_immune,230000000
20,0,-0.002906671020164108,9,CD_immune,0
20,2,0.012124997807309908,5,CD_immune,20000000
20,3,0.00576950509584376,10,CD_immune,30000000
20,4,-0.0012445279228170583,10,CD_immune,40000000
20,5,-0.00045416904040885837,7,CD_immune,50000000
20,6,0.005515182880371647,6,CD_immune,60000000
21,3,-0.0032518896162899774,7,CD_immune,30000000
21,4,0.001890686228655059,7,CD_immune,40000000
22,2,-0.007834116155889161,11,CD_immune,20000000
22,3,0.015491351736042795,13,CD_immune,30000000
22,4,0.004480958213792291,9,CD_immune,40000000
3,0,-0.004164700648026764,5,CD_immune,0
3,1,-0.0035116195620754883,7,CD_immune,10000000
3,3,-0.0026732370590684014,6,CD_immune,30000000
3,4,0.0021357687492043575,15,CD_immune,40000000
3,5,0.0025620301938952175,11,CD_immune,50000000
3,11,-0.003652663811613726,7,CD_immune,110000000
3,12,-0.000537302314643428,10,CD_immune,120000000
3,13,-0.0037219513673063306,6,CD_immune,130000000
3,14,-0.005286694157601337,5,CD_immune,140000000
3,15,-0.003410572446000066,6,CD_immune,150000000
3,18,-0.0009278697259841907,9,CD_immune,180000000
3,19,-0.0029093817404080183,8,CD_immune,190000000
4,0,-0.0043479230028430045,10,CD_immune,0
4,7,0.008574643621012283,8,CD_immune,70000000
4,8,-0.0031621753061355827,5,CD_immune,80000000
4,10,-0.002421784294892715,5,CD_immune,100000000
4,15,-0.005308090740145479,5,CD_immune,150000000
4,18,-0.005456601379447597,5,CD_immune,180000000
5,0,-0.0023525450810726063,6,CD_immune,0
5,3,-0.008558825768360829,5,CD_immune,30000000
5,5,-0.010217986169494415,5,CD_immune,50000000
5,7,-0.0009318024548937663,7,CD_immune,70000000
5,13,0.009104406212629118,10,CD_immune,130000000
5,14,-0.0027189366267309878,13,CD_immune,140000000
5,15,0.015112104130338436,7,CD_immune,150000000
5,17,0.006464386613602988,10,CD_immune,170000000
6,0,0.006081447674973455,6,CD_immune,0
6,1,-0.004358509881205107,5,CD_immune,10000000
6,2,0.0004683709645078451,9,CD_immune,20000000
6,3,0.12451201734148207,23,CD_immune,30000000
6,4,-0.0033111965766415025,11,CD_immune,40000000
6,8,-0.004359057481410665,5,CD_immune,80000000
6,11,-0.0022747522060015003,5,CD_immune,110000000
6,13,-0.005336838903507215,7,CD_immune,130000000
6,14,-0.003997917800670941,5,CD_immune,140000000
6,15,-0.001184596399252143,5,CD_immune,150000000
7,0,0.003590657000576295,9,CD_immune,0
7,2,0.004656791724483944,7,CD_immune,20000000
7,3,0.0005026689612719739,5,CD_immune,30000000
7,4,0.004794128581599767,6,CD_immune,40000000
7,7,0.007196372998182025,6,CD_immune,70000000
7,9,0.003828141975846552,8,CD_immune,90000000
7,10,-0.001874875905578547,11,CD_immune,100000000
7,12,-0.002850864482953392,6,CD_immune,120000000
7,13,-0.003212419079294133,6,CD_immune,130000000
7,14,-0.004117003197256741,7,CD_immune,140000000
7,15,-0.0010675842166467135,7,CD_immune,150000000
8,1,-0.004725143450533773,5,CD_immune,10000000
8,2,-0.006434013759422201,7,CD_immune,20000000
8,3,0.001989734927359395,5,CD_immune,30000000
8,9,-0.0004962107371770594,5,CD_immune,90000000
8,10,0.007650404456535882,5,CD_immune,100000000
8,14,-0.0017121619221544583,9,CD_immune,140000000
9,0,-0.006731398360287034,5,CD_immune,0
9,3,-0.002355970447265247,9,CD_immune,30000000
9,9,0.00013799738038354132,7,CD_immune,90000000
9,11,0.0007750282891229619,6,CD_immune,110000000
9,12,-0.002737378842056448,13,CD_immune,120000000
9,13,-0.004729909711052927,14,CD_immune,130000000
1,0,0.0018241801830874034,14,PSO_skin,0
1,1,0.005311967945669705,13,PSO_skin,10000000
1,2,-0.025256998898005072,15,PSO_skin,20000000
1,3,0.000790211242247288,13,PSO_skin,30000000
1,4,-0.018403555056788107,14,PSO_skin,40000000
1,5,0.011238608199844229,8,PSO_skin,50000000
1,6,0.02474242977404491,6,PSO_skin,60000000
1,8,0.014857990737004724,6,PSO_skin,80000000
1,9,0.012153051195156236,5,PSO_skin,90000000
1,10,0.009253682651637837,7,PSO_skin,100000000
1,11,0.006071653997308035,11,PSO_skin,110000000
1,14,-0.0022405714859474357,5,PSO_skin,140000000
1,15,-0.060238293761713975,26,PSO_skin,150000000
1,16,-0.010109471346203441,12,PSO_skin,160000000
1,17,0.006451992372850469,7,PSO_skin,170000000
1,18,0.014886174006404514,5,PSO_skin,180000000
1,20,0.006123562184828412,13,PSO_skin,200000000
1,21,0.02173335389539148,6,PSO_skin,210000000
1,22,0.0036292130246120676,9,PSO_skin,220000000
1,23,-0.003196820262966414,6,PSO_skin,230000000
1,24,0.003351790572424946,6,PSO_skin,240000000
10,0,-0.0016932742335890956,6,PSO_skin,0
10,1,0.03453635520124256,5,PSO_skin,10000000
10,4,0.012649080305342226,5,PSO_skin,40000000
10,7,-0.009806096558933922,7,PSO_skin,70000000
10,8,-0.005826294345401565,6,PSO_skin,80000000
10,9,0.027752405053726822,8,PSO_skin,90000000
10,10,0.01756088308161809,9,PSO_skin,100000000
10,11,0.015281603693912842,6,PSO_skin,110000000
10,12,0.01731210642700316,5,PSO_skin,120000000
11,0,-0.0077520610429500465,18,PSO_skin,0
11,1,-0.008026228451525615,7,PSO_skin,10000000
11,3,0.018250514656253054,5,PSO_skin,30000000
11,4,0.008971464807806959,7,PSO_skin,40000000
11,5,-0.004202443505983539,6,PSO_skin,50000000
11,6,-0.03292297195112522,27,PSO_skin,60000000
11,7,-0.005928456664958572,11,PSO_skin,70000000
11,10,0.009019869056033364,6,PSO_skin,100000000
11,11,-0.004793484191998676,12,PSO_skin,110000000
11,12,-0.0098231051660985,8,PSO_skin,120000000
12,0,-0.03764969475046677,15,PSO_skin,0
12,1,0.01017409518143369,7,PSO_skin,10000000
12,2,0.04535290884642228,5,PSO_skin,20000000
12,4,0.001651140126476977,9,PSO_skin,40000000
12,5,-0.04910331170219531,20,PSO_skin,50000000
12,6,0.005179839899924971,6,PSO_skin,60000000
12,9,-0.003260671573234985,5,PSO_skin,90000000
12,10,-0.010445491756729135,8,PSO_skin,100000000
12,11,0.0061601470221136385,8,PSO_skin,110000000
12,12,-0.015256266295649714,10,PSO_skin,120000000
13,2,0.0022826489852949897,6,PSO_skin,20000000
13,3,-5.744805888571158e-05,6,PSO_skin,30000000
13,4,-0.02058873060793297,6,PSO_skin,40000000
13,11,0.019847641117935053,5,PSO_skin,110000000
14,2,-0.002308033825596338,13,PSO_skin,20000000
14,3,0.009234988785501188,5,PSO_skin,30000000
14,5,0.013229311289049297,7,PSO_skin,50000000
14,6,0.030808908349452904,7,PSO_skin,60000000
14,7,0.012778961010743764,8,PSO_skin,70000000
14,9,0.012940862259255054,6,PSO_skin,90000000
14,10,0.010720684567228763,7,PSO_skin,100000000
15,3,0.009478766572616166,5,PSO_skin,30000000
15,4,0.0030315703750444247,12,PSO_skin,40000000
15,5,0.04574795054216688,6,PSO_skin,50000000
15,6,-0.010040993655530028,8,PSO_skin,60000000
15,7,0.004311151983106655,10,PSO_skin,70000000
15,8,0.006724244923265716,7,PSO_skin,80000000
15,9,0.0036083810382732894,5,PSO_skin,90000000
16,0,-0.006819204341297711,18,PSO_skin,0
16,1,-0.006611188495533766,6,PSO_skin,10000000
16,2,0.004006020626381796,11,PSO_skin,20000000
16,3,-0.005048345445600635,7,PSO_skin,30000000
16,5,-0.012347672482914518,9,PSO_skin,50000000
16,6,-0.002386628375320794,9,PSO_skin,60000000
16,7,0.025108806982526717,7,PSO_skin,70000000
16,8,-0.0021986249554246063,11,PSO_skin,80000000
17,0,-0.01738705843118756,21,PSO_skin,0
17,1,-0.0034987252613562416,9,PSO_skin,10000000
17,2,0.012501067580213555,6,PSO_skin,20000000
17,3,-0.010245502588960557,9,PSO_skin,30000000
17,4,-0.012225038658013932,22,PSO_skin,40000000
17,5,-0.0036071493127281737,9,PSO_skin,50000000
17,6,0.03305510664433374,8,PSO_skin,60000000
17,7,-0.009858261040461494,13,PSO_skin,70000000
17,8,-0.020615171532631236,7,PSO_skin,80000000
19,0,-0.030079323722384293,25,PSO_skin,0
19,1,-0.03691287237571797,26,PSO_skin,10000000
19,2,0.004510379507023904,5,PSO_skin,20000000
19,3,-0.029166833504580252,19,PSO_skin,30000000
19,4,-0.039029813730537516,29,PSO_skin,40000000
19,5,-0.016158048492412348,24,PSO_skin,50000000
2,0,0.00879240210347599,5,PSO_skin,0
2,2,0.001428603657348375,10,PSO_skin,20000000
2,3,0.01679741098086381,6,PSO_skin,30000000
2,4,0.006564238603309533,6,PSO_skin,40000000
2,6,0.0065911977894464475,7,PSO_skin,60000000
2,7,-0.011584567277011184,9,PSO_skin,70000000
2,8,-0.017194284142082093,5,PSO_skin,80000000
2,9,-0.004833814631284612,6,PSO_skin,90000000
2,10,-0.0010157375147540825,6,PSO_skin,100000000
2,11,0.0019751278720898783,6,PSO_skin,110000000
2,16,0.052680038583472366,5,PSO_skin,160000000
2,17,0.01058492390081158,7,PSO_skin,170000000
2,20,-0.02403027418375373,7,PSO_skin,200000000
2,21,-0.01499959699969911,10,PSO_skin,210000000
2,23,0.00286791862769458,7,PSO_skin,230000000
20,0,-0.0019878616768384885,9,PSO_skin,0
20,1,0.006185684407209126,5,PSO_skin,10000000
20,3,-0.0003077655828420338,11,PSO_skin,30000000
20,4,-0.005012179497030007,9,PSO_skin,40000000
20,5,-0.012888182767781853,7,PSO_skin,50000000
20,6,-0.029596173126717824,6,PSO_skin,60000000
21,3,0.004809516996927512,6,PSO_skin,30000000
21,4,0.0065098201943006575,7,PSO_skin,40000000
22,2,0.0035617721701023215,10,PSO_skin,20000000
22,3,-0.0031079100932274372,13,PSO_skin,30000000
22,4,-0.023114629876919472,10,PSO_skin,40000000
3,0,-0.006781636506354829,5,PSO_skin,0
3,1,0.013654304297563346,7,PSO_skin,10000000
3,3,-0.0011522147845588226,6,PSO_skin,30000000
3,4,-0.0013021072042128823,14,PSO_skin,40000000
3,5,-0.002067915332930295,11,PSO_skin,50000000
3,11,0.0027692115662100642,7,PSO_skin,110000000
3,12,0.0042047054045517155,9,PSO_skin,120000000
3,13,0.004933462587093042,7,PSO_skin,130000000
3,14,0.01140705430874692,5,PSO_skin,140000000
3,15,-0.004480701871151828,6,PSO_skin,150000000
3,17,0.0076768197565307604,5,PSO_skin,170000000
3,18,0.0111513440425642,8,PSO_skin,180000000
3,19,0.031959586569827385,8,PSO_skin,190000000
4,0,0.011036107457286302,10,PSO_skin,0
4,5,0.007134373336962378,5,PSO_skin,50000000
4,7,-0.005903592838206763,7,PSO_skin,70000000
4,8,0.05271384069778871,6,PSO_skin,80000000
4,10,0.010450401669950565,5,PSO_skin,100000000
4,15,0.029308063700443206,5,PSO_skin,150000000
4,18,0.010400595416950601,5,PSO_skin,180000000
5,0,0.0017482946118236673,6,PSO_skin,0
5,3,-0.002872202200116821,5,PSO_skin,30000000
5,7,-0.0010202694025262706,6,PSO_skin,70000000
5,11,0.031355256802558004,5,PSO_skin,110000000
5,13,-0.01744463007338406,10,PSO_skin,130000000
5,14,-0.0030130808599205163,8,PSO_skin,140000000
5,15,-0.020116866778532364,7,PSO_skin,150000000
5,17,-0.011858287149089323,10,PSO_skin,170000000
6,0,0.013610540943109428,6,PSO_skin,0
6,2,-0.006427305675451443,6,PSO_skin,20000000
6,3,-0.0032446331625084904,10,PSO_skin,30000000
6,4,-0.0021466160747055218,10,PSO_skin,40000000
6,8,0.0036271351779274515,5,PSO_skin,80000000
6,11,0.005406617082441785,5,PSO_skin,110000000
6,13,-0.025996868999047296,6,PSO_skin,130000000
6,14,0.0320809071698255,5,PSO_skin,140000000
6,15,0.04918526320221839,5,PSO_skin,150000000
7,0,-0.015280439445096173,9,PSO_skin,0
7,2,0.0013795272266175173,7,PSO_skin,20000000
7,3,-0.00041773975612540755,5,PSO_skin,30000000
7,4,-0.006190183854401193,6,PSO_skin,40000000
7,7,0.024964287931542546,7,PSO_skin,70000000
7,9,0.013939766913667934,7,PSO_skin,90000000
7,10,0.0012650954177180606,12,PSO_skin,100000000
7,12,0.008565596593825034,6,PSO_skin,120000000
7,13,0.012752182112403171,5,PSO_skin,130000000
7,14,0.004630928050543252,7,PSO_skin,140000000
7,15,-0.0019443321163382496,7,PSO_skin,150000000
8,1,0.014200978533070308,5,PSO_skin,10000000
8,2,-0.004411097393559068,8,PSO_skin,20000000
8,3,-0.016997913415610078,5,PSO_skin,30000000
8,9,-0.006159731562213229,5,PSO_skin,90000000
8,10,-0.019513073889790795,5,PSO_skin,100000000
8,14,0.002237389001039833,7,PSO_skin,140000000
9,3,0.0012182628025331423,9,PSO_skin,30000000
9,9,-0.0008742203488452874,7,PSO_skin,90000000
9,11,0.0043708352231817136,6,PSO_skin,110000000
9,12,-0.006444168826951892,12,PSO_skin,120000000
9,13,-0.00870828320330973,14,PSO_skin,130000000
1,0,-0.0026692402107909617,22,TS_Bone_Marrow,0
1,1,0.009141322964913752,23,TS_Bone_Marrow,10000000
1,2,-0.029627758698282415,25,TS_Bone_Marrow,20000000
1,3,0.002801013650058759,19,TS_Bone_Marrow,30000000
1,4,-0.022511528132132516,22,TS_Bone_Marrow,40000000
1,5,0.0038402473434437697,15,TS_Bone_Marrow,50000000
1,6,0.00033186484769854235,11,TS_Bone_Marrow,60000000
1,7,0.00435008982733397,8,TS_Bone_Marrow,70000000
1,8,-0.007898680093589636,9,TS_Bone_Marrow,80000000
1,9,0.003950179088611829,12,TS_Bone_Marrow,90000000
1,10,0.010609135214149317,11,TS_Bone_Marrow,100000000
1,11,0.016251253794739535,18,TS_Bone_Marrow,110000000
1,14,-0.005093000813090645,15,TS_Bone_Marrow,140000000
1,15,-0.015948374094710845,40,TS_Bone_Marrow,150000000
1,16,-0.01094756193280837,19,TS_Bone_Marrow,160000000
1,17,0.008766962740185484,13,TS_Bone_Marrow,170000000
1,18,0.018147925673350856,9,TS_Bone_Marrow,180000000
1,19,0.018190739999565934,6,TS_Bone_Marrow,190000000
1,20,0.014408981196892368,21,TS_Bone_Marrow,200000000
1,21,0.0213681239961918,9,TS_Bone_Marrow,210000000
1,22,0.001226392670984241,18,TS_Bone_Marrow,220000000
1,23,0.0016503700909066424,11,TS_Bone_Marrow,230000000
1,24,0.0048405056097447965,16,TS_Bone_Marrow,240000000
10,0,0.005369128218910671,10,TS_Bone_Marrow,0
10,1,0.012849722695934295,10,TS_Bone_Marrow,10000000
10,2,0.041513569917346727,12,TS_Bone_Marrow,20000000
10,3,0.006227021404115034,10,TS_Bone_Marrow,30000000
10,4,0.004236809802516347,16,TS_Bone_Marrow,40000000
10,5,0.00711621358394208,5,TS_Bone_Marrow,50000000
10,6,0.007782448243678665,10,TS_Bone_Marrow,60000000
10,7,0.0003089789231185136,15,TS_Bone_Marrow,70000000
10,8,0.0014449365790450968,12,TS_Bone_Marrow,80000000
10,9,0.015072928062309672,14,TS_Bone_Marrow,90000000
10,10,0.003697576456007353,14,TS_Bone_Marrow,100000000
10,11,0.015281496455119602,12,TS_Bone_Marrow,110000000
10,12,0.0010261178253164304,8,TS_Bone_Marrow,120000000
10,13,0.0034186278906141246,7,TS_Bone_Marrow,130000000
11,0,-0.006911625267422285,37,TS_Bone_Marrow,0
11,1,-0.007685524178207884,14,TS_Bone_Marrow,10000000
11,2,-0.001369251506847007,6,TS_Bone_Marrow,20000000
11,3,-0.00963085205692015,8,TS_Bone_Marrow,30000000
11,4,0.002271324561535726,14,TS_Bone_Marrow,40000000
11,5,-0.001585878381162481,23,TS_Bone_Marrow,50000000
11,6,-0.023990074557821456,40,TS_Bone_Marrow,60000000
11,7,-0.002725395342911943,19,TS_Bone_Marrow,70000000
11,8,0.0026231153124143492,10,TS_Bone_Marrow,80000000
11,9,0.004161801853918665,8,TS_Bone_Marrow,90000000
11,10,-0.0022225491188857475,9,TS_Bone_Marrow,100000000
11,11,-0.007174149231805239,19,TS_Bone_Marrow,110000000
11,12,-0.00438326380516462,17,TS_Bone_Marrow,120000000
11,13,0.000347755659336574,5,TS_Bone_Marrow,130000000
12,0,-0.012501301528524515,22,TS_Bone_Marrow,0
12,1,0.003231483255778593,15,TS_Bone_Marrow,10000000
12,2,0.006853621497202043,9,TS_Bone_Marrow,20000000
12,3,0.0061587998962912985,6,TS_Bone_Marrow,30000000
12,4,-0.00772826694702941,15,TS_Bone_Marrow,40000000
12,5,-0.04012237473906161,31,TS_Bone_Marrow,50000000
12,6,0.013872642202807239,12,TS_Bone_Marrow,60000000
12,7,0.009811493362065138,7,TS_Bone_Marrow,70000000
12,8,0.03344384952301625,5,TS_Bone_Marrow,80000000
12,9,-0.0014161268865217785,10,TS_Bone_Marrow,90000000
12,10,0.007353493175072868,14,TS_Bone_Marrow,100000000
12,11,-0.020743045686742047,13,TS_Bone_Marrow,110000000
12,12,-0.024102051166822517,15,TS_Bone_Marrow,120000000
12,13,0.0004859849635882988,6,TS_Bone_Marrow,130000000
13,1,0.0017324265557737838,8,TS_Bone_Marrow,10000000
13,2,-0.005655666074495562,16,TS_Bone_Marrow,20000000
13,3,0.012304726031630166,10,TS_Bone_Marrow,30000000
13,4,0.008891817232030785,15,TS_Bone_Marrow,40000000
13,5,0.006586608600615776,9,TS_Bone_Marrow,50000000
13,6,-0.0006234038967096042,5,TS_Bone_Marrow,60000000
13,7,0.0026826074094945915,9,TS_Bone_Marrow,70000000
13,9,4.572212659616796e-05,10,TS_Bone_Marrow,90000000
13,10,0.0036569060087382854,7,TS_Bone_Marrow,100000000
13,11,0.011487702738211498,7,TS_Bone_Marrow,110000000
14,2,-0.004552128033252844,33,TS_Bone_Marrow,20000000
14,3,0.007350353404965807,11,TS_Bone_Marrow,30000000
14,4,-0.031598261956654536,6,TS_Bone_Marrow,40000000
14,5,0.009009885858886376,12,TS_Bone_Marrow,50000000
14,6,0.012939386215939848,13,TS_Bone_Marrow,60000000
14,7,0.01183988184265489,14,TS_Bone_Marrow,70000000
14,8,0.001981671007242176,6,TS_Bone_Marrow,80000000
14,9,-0.003609665989099311,12,TS_Bone_Marrow,90000000
14,10,0.000969092988994493,39,TS_Bone_Marrow,100000000
15,2,-0.0008460441370157003,24,TS_Bone_Marrow,20000000
15,3,-0.005133989690244958,12,TS_Bone_Marrow,30000000
15,4,-0.010967295475409594,19,TS_Bone_Marrow,40000000
15,5,0.02655884100338,12,TS_Bone_Marrow,50000000
15,6,-0.007527094491440558,13,TS_Bone_Marrow,60000000
15,7,-0.000425359432197616,18,TS_Bone_Marrow,70000000
15,8,0.00103131904900324,15,TS_Bone_Marrow,80000000
15,9,0.019062536111551794,10,TS_Bone_Marrow,90000000
16,0,-0.016451212971222345,28,TS_Bone_Marrow,0
16,1,-0.004242472654960849,14,TS_Bone_Marrow,10000000
16,2,-0.0001867794860259409,18,TS_Bone_Marrow,20000000
16,3,-0.004607347811918372,19,TS_Bone_Marrow,30000000
16,5,0.0021683619763366263,15,TS_Bone_Marrow,50000000
16,6,-0.0018366592363007338,13,TS_Bone_Marrow,60000000
16,7,0.0018568860802889904,12,TS_Bone_Marrow,70000000
16,8,-0.008752534945410551,15,TS_Bone_Marrow,80000000
17,0,-0.011778669612206133,30,TS_Bone_Marrow,0
17,1,-0.005453464883932959,21,TS_Bone_Marrow,10000000
17,2,0.006072184568894053,15,TS_Bone_Marrow,20000000
17,3,-0.018787878323216427,21,TS_Bone_Marrow,30000000
17,4,-0.005024544921919133,39,TS_Bone_Marrow,40000000
17,5,-0.0009789757461146583,13,TS_Bone_Marrow,50000000
17,6,0.014306521922570516,17,TS_Bone_Marrow,60000000
17,7,-0.01273146728781263,19,TS_Bone_Marrow,70000000
17,8,-0.005531653561534772,10,TS_Bone_Marrow,80000000
18,0,0.0013084437863901668,15,TS_Bone_Marrow,0
18,1,0.00782781758688812,7,TS_Bone_Marrow,10000000
18,2,0.009103384656618101,7,TS_Bone_Marrow,20000000
18,3,0.0027856202052361947,7,TS_Bone_Marrow,30000000
18,4,0.014945282954663274,6,TS_Bone_Marrow,40000000
18,5,-0.0012234321344516427,11,TS_Bone_Marrow,50000000
18,6,0.000598448276226358,6,TS_Bone_Marrow,60000000
18,7,0.004050403249586865,5,TS_Bone_Marrow,70000000
19,0,-0.044648090081956755,36,TS_Bone_Marrow,0
19,1,-0.022537566777828758,40,TS_Bone_Marrow,10000000
19,2,0.0006852236998190393,13,TS_Bone_Marrow,20000000
19,3,-0.024901725850581383,26,TS_Bone_Marrow,30000000
19,4,-0.027727360059204852,42,TS_Bone_Marrow,40000000
19,5,-0.007089468780475987,45,TS_Bone_Marrow,50000000
2,0,-0.010955913339393409,7,TS_Bone_Marrow,0
2,1,0.0013657916981933778,8,TS_Bone_Marrow,10000000
2,2,0.004810661634563478,16,TS_Bone_Marrow,20000000
2,3,0.007490471845717594,11,TS_Bone_Marrow,30000000
2,4,-0.005087361402312253,10,TS_Bone_Marrow,40000000
2,5,-0.0095399193342651,7,TS_Bone_Marrow,50000000
2,6,0.02595311764721772,14,TS_Bone_Marrow,60000000
2,7,-0.0013395285130361602,14,TS_Bone_Marrow,70000000
2,8,-0.01637914416145987,18,TS_Bone_Marrow,80000000
2,9,8.199591147210288e-05,15,TS_Bone_Marrow,90000000
2,10,0.03443957053975027,12,TS_Bone_Marrow,100000000
2,11,0.0025964105741546144,12,TS_Bone_Marrow,110000000
2,12,0.002121562502817627,8,TS_Bone_Marrow,120000000
2,13,0.004639353306619528,16,TS_Bone_Marrow,130000000
2,14,0.017790915053656667,6,TS_Bone_Marrow,140000000
2,15,0.020753456348470575,9,TS_Bone_Marrow,150000000
2,16,0.026733996664350907,8,TS_Bone_Marrow,160000000
2,17,-0.002771517779101798,13,TS_Bone_Marrow,170000000
2,18,-0.0006762940029943829,7,TS_Bone_Marrow,180000000
2,19,0.019706304152047733,8,TS_Bone_Marrow,190000000
2,20,0.005403633509551261,18,TS_Bone_Marrow,200000000
2,21,-0.00401033442543677,14,TS_Bone_Marrow,210000000
2,22,0.001688655390746851,8,TS_Bone_Marrow,220000000
2,23,-0.0032787569610875297,16,TS_Bone_Marrow,230000000
2,24,0.0019103186984386164,5,TS_Bone_Marrow,240000000
20,0,0.0030092005360888253,15,TS_Bone_Marrow,0
20,1,0.0015719580221570887,10,TS_Bone_Marrow,10000000
20,2,-0.0016037116689081423,11,TS_Bone_Marrow,20000000
20,3,-0.003186519957386961,21,TS_Bone_Marrow,30000000
20,4,0.0057059884115836885,17,TS_Bone_Marrow,40000000
20,5,0.012787164199318095,11,TS_Bone_Marrow,50000000
20,6,-0.018397687847788356,11,TS_Bone_Marrow,60000000
21,1,0.009537185492837365,8,TS_Bone_Marrow,10000000
21,2,0.0021048461585180035,6,TS_Bone_Marrow,20000000
21,3,0.011783550383392755,17,TS_Bone_Marrow,30000000
21,4,0.0017220850500806449,14,TS_Bone_Marrow,40000000
22,1,0.002064874887757325,15,TS_Bone_Marrow,10000000
22,2,-0.0037256799294409656,32,TS_Bone_Marrow,20000000
22,3,-0.006494722692488575,22,TS_Bone_Marrow,30000000
22,4,-0.014629827046554316,18,TS_Bone_Marrow,40000000
3,0,0.002048218880572077,8,TS_Bone_Marrow,0
3,1,0.0038292962317393706,14,TS_Bone_Marrow,10000000
3,2,9.696035162945027e-05,8,TS_Bone_Marrow,20000000
3,3,-0.0019589440855808933,13,TS_Bone_Marrow,30000000
3,4,0.00654215013801267,23,TS_Bone_Marrow,40000000
3,5,-0.014967103347404176,17,TS_Bone_Marrow,50000000
3,6,0.006773864694867128,8,TS_Bone_Marrow,60000000
3,7,0.010822733301973562,8,TS_Bone_Marrow,70000000
3,8,0.005567558633625825,5,TS_Bone_Marrow,80000000
3,9,-0.0003391397724525478,7,TS_Bone_Marrow,90000000
3,10,-0.0021256211393838828,9,TS_Bone_Marrow,100000000
3,11,0.0028029267005027485,11,TS_Bone_Marrow,110000000
3,12,-0.0015963680168601022,19,TS_Bone_Marrow,120000000
3,13,0.004295408567386316,14,TS_Bone_Marrow,130000000
3,14,0.0014922100895732983,11,TS_Bone_Marrow,140000000
3,15,0.011038523312429724,12,TS_Bone_Marrow,150000000
3,16,0.004936044812653148,8,TS_Bone_Marrow,160000000
3,17,0.007928026623321389,10,TS_Bone_Marrow,170000000
3,18,0.009167898454802651,17,TS_Bone_Marrow,180000000
3,19,0.009873618493756238,15,TS_Bone_Marrow,190000000
4,0,0.0015483501032823445,19,TS_Bone_Marrow,0
4,1,0.009784827007932482,7,TS_Bone_Marrow,10000000
4,2,0.00926404044562185,5,TS_Bone_Marrow,20000000
4,3,-0.013590020940543467,5,TS_Bone_Marrow,30000000
4,4,-1.7370583089015498e-05,9,TS_Bone_Marrow,40000000
4,5,-0.010005973992488487,8,TS_Bone_Marrow,50000000
4,6,0.003410092969481772,7,TS_Bone_Marrow,60000000
4,7,-0.007300673881101071,12,TS_Bone_Marrow,70000000
4,8,0.013539484727271726,11,TS_Bone_Marrow,80000000
4,9,-0.00040453475119887346,6,TS_Bone_Marrow,90000000
4,10,0.003159569742439451,10,TS_Bone_Marrow,100000000
4,11,-0.0008397226306746918,9,TS_Bone_Marrow,110000000
4,12,0.0034792390162320525,7,TS_Bone_Marrow,120000000
4,13,0.004175393998286236,5,TS_Bone_Marrow,130000000
4,14,-0.004696373414995861,8,TS_Bone_Marrow,140000000
4,15,-0.001393366005866937,10,TS_Bone_Marrow,150000000
4,16,-0.0033365090852804104,6,TS_Bone_Marrow,160000000
4,17,0.0034873954736275013,6,TS_Bone_Marrow,170000000
4,18,0.004203512835929182,9,TS_Bone_Marrow,180000000
5,0,0.004979985984381307,10,TS_Bone_Marrow,0
5,1,0.006309853393381284,9,TS_Bone_Marrow,10000000
5,3,-0.004433293147991931,10,TS_Bone_Marrow,30000000
5,4,0.009057711394992857,5,TS_Bone_Marrow,40000000
5,5,0.002766011124401287,9,TS_Bone_Marrow,50000000
5,6,0.0024326542927416883,9,TS_Bone_Marrow,60000000
5,7,0.00044144967678489777,13,TS_Bone_Marrow,70000000
5,8,-0.02366535170378866,8,TS_Bone_Marrow,80000000
5,9,0.02531603695297205,8,TS_Bone_Marrow,90000000
5,10,0.03527976338258165,5,TS_Bone_Marrow,100000000
5,11,0.011933064249029462,9,TS_Bone_Marrow,110000000
5,12,0.00291864755222844,7,TS_Bone_Marrow,120000000
5,13,-0.0011079958425881742,16,TS_Bone_Marrow,130000000
5,14,0.003418235289811477,18,TS_Bone_Marrow,140000000
5,15,-0.025936121948696614,11,TS_Bone_Marrow,150000000
5,16,0.006957406471474028,6,TS_Bone_Marrow,160000000
5,17,2.686001689567851e-05,16,TS_Bone_Marrow,170000000
6,0,0.0019715324555675037,11,TS_Bone_Marrow,0
6,1,0.03703051914864093,10,TS_Bone_Marrow,10000000
6,2,-0.014730147990676361,28,TS_Bone_Marrow,20000000
6,3,-0.04022254219464222,36,TS_Bone_Marrow,30000000
6,4,-0.0014590498126029975,17,TS_Bone_Marrow,40000000
6,5,0.0001770291036082481,10,TS_Bone_Marrow,50000000
6,7,-0.016255654539944528,9,TS_Bone_Marrow,70000000
6,8,0.005112100109359742,9,TS_Bone_Marrow,80000000
6,9,0.0026597296180619527,5,TS_Bone_Marrow,90000000
6,10,0.01740030926879567,7,TS_Bone_Marrow,100000000
6,11,0.013948695233188344,10,TS_Bone_Marrow,110000000
6,12,-0.0009089916686247443,7,TS_Bone_Marrow,120000000
6,13,0.006730454485445579,13,TS_Bone_Marrow,130000000
6,14,0.020549756355507362,8,TS_Bone_Marrow,140000000
6,15,0.018704255369895742,11,TS_Bone_Marrow,150000000
6,16,0.03613400049905168,7,TS_Bone_Marrow,160000000
7,0,-0.00872785889735331,13,TS_Bone_Marrow,0
7,1,-0.004458498578810278,5,TS_Bone_Marrow,10000000
7,2,0.006312126526619273,13,TS_Bone_Marrow,20000000
7,3,0.011893716229054128,12,TS_Bone_Marrow,30000000
7,4,-0.00014543355241562387,10,TS_Bone_Marrow,40000000
7,5,-0.002629058884729555,10,TS_Bone_Marrow,50000000
7,6,0.0019007258611361876,12,TS_Bone_Marrow,60000000
7,7,-0.0006932437263469973,14,TS_Bone_Marrow,70000000
7,8,0.002135048607385865,5,TS_Bone_Marrow,80000000
7,9,-0.0022927356792438102,14,TS_Bone_Marrow,90000000
7,10,0.0072780947237699916,18,TS_Bone_Marrow,100000000
7,11,0.025481853274628295,6,TS_Bone_Marrow,110000000
7,12,0.0020646712962161984,11,TS_Bone_Marrow,120000000
7,13,0.01845788728578702,11,TS_Bone_Marrow,130000000
7,14,0.012421299080090363,24,TS_Bone_Marrow,140000000
7,15,-0.0038939849360928504,11,TS_Bone_Marrow,150000000
8,0,0.0016642609782945709,14,TS_Bone_Marrow,0
8,1,0.00421815444680547,12,TS_Bone_Marrow,10000000
8,2,0.0033855752075406206,13,TS_Bone_Marrow,20000000
8,3,0.014955677061288503,9,TS_Bone_Marrow,30000000
8,4,-0.0036001620140635395,8,TS_Bone_Marrow,40000000
8,5,0.010552081924238572,8,TS_Bone_Marrow,50000000
8,6,0.02844523593087915,8,TS_Bone_Marrow,60000000
8,7,-0.0011793838739677126,8,TS_Bone_Marrow,70000000
8,8,-0.004318749874992259,9,TS_Bone_Marrow,80000000
8,9,-0.0054991132990665865,10,TS_Bone_Marrow,90000000
8,10,0.0011259697772606852,10,TS_Bone_Marrow,100000000
8,11,-0.009672949167850942,5,TS_Bone_Marrow,110000000
8,12,-0.0006201621119150123,9,TS_Bone_Marrow,120000000
8,13,0.03912499684181569,6,TS_Bone_Marrow,130000000
8,14,0.013774558997805485,13,TS_Bone_Marrow,140000000
9,0,0.003086559462812271,10,TS_Bone_Marrow,0
9,1,-0.024718601511315493,6,TS_Bone_Marrow,10000000
9,2,0.0017099298686777582,9,TS_Bone_Marrow,20000000
9,3,0.0010231482553362378,21,TS_Bone_Marrow,30000000
9,6,0.0024541940267673763,10,TS_Bone_Marrow,60000000
9,7,0.05820791180954224,8,TS_Bone_Marrow,70000000
9,8,0.02283716374254107,8,TS_Bone_Marrow,80000000
9,9,0.00354003668131114,15,TS_Bone_Marrow,90000000
9,10,0.00015036587012879206,10,TS_Bone_Marrow,100000000
9,11,0.007109380181718156,9,TS_Bone_Marrow,110000000
9,12,-0.01590578580239559,19,TS_Bone_Marrow,120000000
9,13,-0.01531289146212396,21,TS_Bone_Marrow,130000000
1,0,-0.007155360133724487,22,TS_Kidney,0
1,1,-0.0013571890960514187,23,TS_Kidney,10000000
1,2,-0.02231604361209697,25,TS_Kidney,20000000
1,3,-0.0027632546265007815,19,TS_Kidney,30000000
1,4,-0.016962932233877348,22,TS_Kidney,40000000
1,5,0.004060065905255042,15,TS_Kidney,50000000
1,6,0.002335232238804267,11,TS_Kidney,60000000
1,7,0.02035328708829872,8,TS_Kidney,70000000
1,8,0.004390825595685788,9,TS_Kidney,80000000
1,9,0.015792496827952213,12,TS_Kidney,90000000
1,10,0.003573638450566524,11,TS_Kidney,100000000
1,11,-0.003022159251436722,18,TS_Kidney,110000000
1,14,-0.00114742872776962,15,TS_Kidney,140000000
1,15,-0.020084015925061614,40,TS_Kidney,150000000
1,16,-0.01845619471313638,19,TS_Kidney,160000000
1,17,0.0009300035031528307,13,TS_Kidney,170000000
1,18,0.011806068601820909,9,TS_Kidney,180000000
1,19,0.0022407159761226483,6,TS_Kidney,190000000
1,20,0.003511202697714958,21,TS_Kidney,200000000
1,21,0.011850267599808149,9,TS_Kidney,210000000
1,22,0.0028783306340882915,18,TS_Kidney,220000000
1,23,0.0033413883181897695,11,TS_Kidney,230000000
1,24,0.01943921492381662,16,TS_Kidney,240000000
10,0,-0.00748126852574058,10,TS_Kidney,0
10,1,0.018827048869010394,10,TS_Kidney,10000000
10,2,0.023148627725843047,12,TS_Kidney,20000000
10,3,0.020377613052201253,10,TS_Kidney,30000000
10,4,0.0005366983816426252,16,TS_Kidney,40000000
10,5,-0.0016870180992438959,5,TS_Kidney,50000000
10,6,0.0047843826996817485,10,TS_Kidney,60000000
10,7,-0.003084619726063308,15,TS_Kidney,70000000
10,8,0.008973881240901064,12,TS_Kidney,80000000
10,9,0.010174221424589935,14,TS_Kidney,90000000
10,10,-0.0006412832761507811,14,TS_Kidney,100000000
10,11,0.0037682329438595355,12,TS_Kidney,110000000
10,12,-0.0034164458044493216,8,TS_Kidney,120000000
10,13,0.010989081194889547,7,TS_Kidney,130000000
11,0,-0.0032019775507346067,37,TS_Kidney,0
11,1,0.0014962878118072855,14,TS_Kidney,10000000
11,2,0.016762125470524383,6,TS_Kidney,20000000
11,3,0.01049654039649354,8,TS_Kidney,30000000
11,4,0.00374620318813966,14,TS_Kidney,40000000
11,5,-0.0011029261833157107,23,TS_Kidney,50000000
11,6,-0.025429517877242697,40,TS_Kidney,60000000
11,7,-0.001482787770809052,19,TS_Kidney,70000000
11,8,0.015813249409812873,10,TS_Kidney,80000000
11,9,-0.0010846542902736367,8,TS_Kidney,90000000
11,10,0.0016205110534903897,9,TS_Kidney,100000000
11,11,-0.011588509042340548,19,TS_Kidney,110000000
11,12,-0.004856083368131237,17,TS_Kidney,120000000
11,13,0.006865247506434681,5,TS_Kidney,130000000
12,0,-0.013939654814310637,22,TS_Kidney,0
12,1,-0.0014829035221190314,15,TS_Kidney,10000000
12,2,0.024853571210451623,9,TS_Kidney,20000000
12,3,0.017870956331175407,6,TS_Kidney,30000000
12,4,0.008153840326855498,15,TS_Kidney,40000000
12,5,-0.03342666218010443,31,TS_Kidney,50000000
12,6,0.01528658067783589,12,TS_Kidney,60000000
12,7,0.014375242682841767,7,TS_Kidney,70000000
12,8,0.007562227435668961,5,TS_Kidney,80000000
12,9,-0.002624293710715879,10,TS_Kidney,90000000
12,10,-0.0029697840910027085,14,TS_Kidney,100000000
12,11,-0.009975036317059973,13,TS_Kidney,110000000
12,12,-0.025279596581328122,15,TS_Kidney,120000000
12,13,-0.0005946045913689505,6,TS_Kidney,130000000
13,1,0.004481752452775014,8,TS_Kidney,10000000
13,2,-0.0028315850084578657,16,TS_Kidney,20000000
13,3,0.024585843548354143,10,TS_Kidney,30000000
13,4,0.0059265005432287314,15,TS_Kidney,40000000
13,5,0.010493559393518252,9,TS_Kidney,50000000
13,6,0.0023108766423634948,5,TS_Kidney,60000000
13,7,0.0005637946015252744,9,TS_Kidney,70000000
13,9,0.011105520237176167,10,TS_Kidney,90000000
13,10,0.016496846433269884,7,TS_Kidney,100000000
13,11,0.036079876281849166,7,TS_Kidney,110000000
14,2,-0.0034534868784904704,33,TS_Kidney,20000000
14,3,0.00515041573523051,11,TS_Kidney,30000000
14,4,-0.027152476949475885,6,TS_Kidney,40000000
14,5,0.0035408616300357082,12,TS_Kidney,50000000
14,6,0.007190672867559583,13,TS_Kidney,60000000
14,7,0.0011890211065864078,14,TS_Kidney,70000000
14,8,0.007433844930900507,6,TS_Kidney,80000000
14,9,-0.010374021889123267,12,TS_Kidney,90000000
14,10,-0.0015652878795921685,39,TS_Kidney,100000000
15,2,0.0018266144651099632,24,TS_Kidney,20000000
15,3,0.016713586085779886,12,TS_Kidney,30000000
15,4,-0.007948291593923256,19,TS_Kidney,40000000
15,5,0.02214932149701367,12,TS_Kidney,50000000
15,6,-0.00655484529429574,13,TS_Kidney,60000000
15,7,0.0022564651034814327,18,TS_Kidney,70000000
15,8,-0.00024110823035482882,15,TS_Kidney,80000000
15,9,0.004506448200093183,10,TS_Kidney,90000000
16,0,-0.01491367375437627,28,TS_Kidney,0
16,1,-0.0032791135028993968,14,TS_Kidney,10000000
16,2,-0.004217437610934969,18,TS_Kidney,20000000
16,3,-0.0048782690776470435,19,TS_Kidney,30000000
16,5,-0.004175560921878184,15,TS_Kidney,50000000
16,6,0.0021934889075236356,13,TS_Kidney,60000000
16,7,0.009041598211885861,12,TS_Kidney,70000000
16,8,-0.011276838061971222,15,TS_Kidney,80000000
17,0,-0.012231583558930675,30,TS_Kidney,0
17,1,-0.001852319493836003,21,TS_Kidney,10000000
17,2,-0.005479601089731853,15,TS_Kidney,20000000
17,3,-0.019791627683501994,21,TS_Kidney,30000000
17,4,-0.0075120527821850745,39,TS_Kidney,40000000
17,5,0.0019414495866441979,13,TS_Kidney,50000000
17,6,0.018409722206269293,17,TS_Kidney,60000000
17,7,-0.016844690284319213,19,TS_Kidney,70000000
17,8,-0.007133210553240642,10,TS_Kidney,80000000
18,0,0.0039378514625466165,15,TS_Kidney,0
18,1,0.00459450166420027,7,TS_Kidney,10000000
18,2,0.0028530377067206977,7,TS_Kidney,20000000
18,3,0.011521126795945094,7,TS_Kidney,30000000
18,4,0.007602178862435434,6,TS_Kidney,40000000
18,5,0.00567128221392286,11,TS_Kidney,50000000
18,6,0.0019665876122395135,6,TS_Kidney,60000000
18,7,0.0019506348980723725,5,TS_Kidney,70000000
19,0,-0.04736937474290397,36,TS_Kidney,0
19,1,-0.027685603696729864,40,TS_Kidney,10000000
19,2,-0.0007178028716780594,13,TS_Kidney,20000000
19,3,-0.01992118253574003,26,TS_Kidney,30000000
19,4,-0.021021765346164633,42,TS_Kidney,40000000
19,5,-0.010290816197980206,45,TS_Kidney,50000000
2,0,-0.003105398243685676,7,TS_Kidney,0
2,1,0.003984796922087593,8,TS_Kidney,10000000
2,2,-0.00015511399928005835,16,TS_Kidney,20000000
2,3,0.013889159751228558,11,TS_Kidney,30000000
2,4,0.01466234604494918,10,TS_Kidney,40000000
2,5,-0.0020962666852053836,7,TS_Kidney,50000000
2,6,-0.00017778979030056772,14,TS_Kidney,60000000
2,7,-0.004426388594819466,14,TS_Kidney,70000000
2,8,-0.016085425900907988,18,TS_Kidney,80000000
2,9,-0.00014914737850082183,15,TS_Kidney,90000000
2,10,0.011280594570055,12,TS_Kidney,100000000
2,11,-0.0007385839500513714,12,TS_Kidney,110000000
2,12,0.00025143983143349714,8,TS_Kidney,120000000
2,13,-0.0002841306695698744,16,TS_Kidney,130000000
2,14,0.009848344834690085,6,TS_Kidney,140000000
2,15,0.020199657574450906,9,TS_Kidney,150000000
2,16,0.02626772535939122,8,TS_Kidney,160000000
2,17,0.015464626249492618,13,TS_Kidney,170000000
2,18,0.02912992468707703,7,TS_Kidney,180000000
2,19,0.01275584147259234,8,TS_Kidney,190000000
2,20,0.002950782088854583,18,TS_Kidney,200000000
2,21,0.0012893159219242805,14,TS_Kidney,210000000
2,22,0.002285259833941869,8,TS_Kidney,220000000
2,23,-0.006412776240088472,16,TS_Kidney,230000000
2,24,-0.004171277980658785,5,TS_Kidney,240000000
20,0,0.00817915055107519,15,TS_Kidney,0
20,1,0.0076379642827639396,10,TS_Kidney,10000000
20,2,9.473872943826798e-05,11,TS_Kidney,20000000
20,3,-0.002005081682899138,21,TS_Kidney,30000000
20,4,0.007104387908762555,17,TS_Kidney,40000000
20,5,0.0023039643055710528,11,TS_Kidney,50000000
20,6,-0.03497729344159562,11,TS_Kidney,60000000
21,1,0.012379923344918494,8,TS_Kidney,10000000
21,2,0.014249882312756264,6,TS_Kidney,20000000
21,3,0.004362233395029561,17,TS_Kidney,30000000
21,4,-0.0011324427957101202,14,TS_Kidney,40000000
22,1,-6.03441692585264e-05,15,TS_Kidney,10000000
22,2,0.0011341637951864333,32,TS_Kidney,20000000
22,3,0.002629440859516408,22,TS_Kidney,30000000
22,4,-0.019116183104391025,18,TS_Kidney,40000000
3,0,0.003929611137159879,8,TS_Kidney,0
3,1,0.004132457336111227,14,TS_Kidney,10000000
3,2,0.01942817205594602,8,TS_Kidney,20000000
3,3,-0.0032606455748241075,13,TS_Kidney,30000000
3,4,-0.003272614111910426,23,TS_Kidney,40000000
3,5,0.005502540513135403,17,TS_Kidney,50000000
3,6,0.032519156803298185,8,TS_Kidney,60000000
3,7,0.006007545661224821,8,TS_Kidney,70000000
3,8,0.009878636244092116,5,TS_Kidney,80000000
3,9,0.004671152562689795,7,TS_Kidney,90000000
3,10,-0.00717777852352164,9,TS_Kidney,100000000
3,11,0.005794062426094226,11,TS_Kidney,110000000
3,12,0.017708819971395135,19,TS_Kidney,120000000
3,13,0.014398283720115064,14,TS_Kidney,130000000
3,14,0.01571912919787192,11,TS_Kidney,140000000
3,15,0.00482143179378168,12,TS_Kidney,150000000
3,16,0.008677666695596694,8,TS_Kidney,160000000
3,17,0.012741480458434309,10,TS_Kidney,170000000
3,18,0.0015487927781383665,17,TS_Kidney,180000000
3,19,0.00952927949462027,15,TS_Kidney,190000000
4,0,0.0018200551375653906,19,TS_Kidney,0
4,1,0.017729961857017848,7,TS_Kidney,10000000
4,2,-0.0012142623349180415,5,TS_Kidney,20000000
4,3,0.0010553618130621826,5,TS_Kidney,30000000
4,4,0.0023216567015225467,9,TS_Kidney,40000000
4,5,0.00847818183479437,8,TS_Kidney,50000000
4,6,-0.0008987601676928347,7,TS_Kidney,60000000
4,7,-0.0035510845263766674,12,TS_Kidney,70000000
4,8,0.009567937480679828,11,TS_Kidney,80000000
4,9,0.013410856868957913,6,TS_Kidney,90000000
4,10,-0.0050375606886828754,10,TS_Kidney,100000000
4,11,-0.0016275606473005028,9,TS_Kidney,110000000
4,12,0.017957740942172895,7,TS_Kidney,120000000
4,13,0.018154747155174882,5,TS_Kidney,130000000
4,14,0.02580566632810211,8,TS_Kidney,140000000
4,15,0.005350510558407864,10,TS_Kidney,150000000
4,16,0.0295106298683487,6,TS_Kidney,160000000
4,17,0.014632233827186274,6,TS_Kidney,170000000
4,18,0.009894806038242842,9,TS_Kidney,180000000
5,0,0.004304510551841676,10,TS_Kidney,0
5,1,0.00957174130132725,9,TS_Kidney,10000000
5,3,0.006328591041359741,10,TS_Kidney,30000000
5,4,0.003112240981258594,5,TS_Kidney,40000000
5,5,0.03389113099480625,9,TS_Kidney,50000000
5,6,0.009892480914293,9,TS_Kidney,60000000
5,7,0.005934145089598038,13,TS_Kidney,70000000
5,8,0.0006638776300744434,8,TS_Kidney,80000000
5,9,0.010780499872355678,8,TS_Kidney,90000000
5,10,0.01927929100488187,5,TS_Kidney,100000000
5,11,0.027169347216408644,9,TS_Kidney,110000000
5,12,0.008436434550897574,7,TS_Kidney,120000000
5,13,-0.014982821095014923,16,TS_Kidney,130000000
5,14,0.004282889785147708,18,TS_Kidney,140000000
5,15,-0.008303370409450703,11,TS_Kidney,150000000
5,16,-0.007491752905710635,6,TS_Kidney,160000000
5,17,-0.014276864570523594,16,TS_Kidney,170000000
6,0,0.004640546627175764,11,TS_Kidney,0
6,1,0.015236493434220072,10,TS_Kidney,10000000
6,2,-0.0084959948548443,28,TS_Kidney,20000000
6,3,-0.03916468005187647,36,TS_Kidney,30000000
6,4,0.002372100900063049,17,TS_Kidney,40000000
6,5,0.0003414182558163949,10,TS_Kidney,50000000
6,7,-0.009364839420146475,9,TS_Kidney,70000000
6,8,0.0034978329667561814,9,TS_Kidney,80000000
6,9,0.0022029990643314826,5,TS_Kidney,90000000
6,10,0.014092608925415692,7,TS_Kidney,100000000
6,11,0.005115442054379681,10,TS_Kidney,110000000
6,12,0.006544728208660454,7,TS_Kidney,120000000
6,13,0.0034976593601693997,13,TS_Kidney,130000000
6,14,0.017527775111083478,8,TS_Kidney,140000000
6,15,0.03514527268059515,11,TS_Kidney,150000000
6,16,-0.004360562586309502,7,TS_Kidney,160000000
7,0,-0.0013565623448798653,13,TS_Kidney,0
7,1,0.002270036434482413,5,TS_Kidney,10000000
7,2,0.003687418650312962,13,TS_Kidney,20000000
7,3,0.0065316643861622545,12,TS_Kidney,30000000
7,4,-0.0047379663618094935,10,TS_Kidney,40000000
7,5,-0.0017361845581688675,10,TS_Kidney,50000000
7,6,0.005725241255712183,12,TS_Kidney,60000000
7,7,0.005893668355334497,14,TS_Kidney,70000000
7,8,0.012671757220459313,5,TS_Kidney,80000000
7,9,0.004098360756747244,14,TS_Kidney,90000000
7,10,0.0002895415671112106,18,TS_Kidney,100000000
7,11,0.030602904954371703,6,TS_Kidney,110000000
7,12,0.007981123500744024,11,TS_Kidney,120000000
7,13,0.016191523162522623,11,TS_Kidney,130000000
7,14,0.00024066006932493746,24,TS_Kidney,140000000
7,15,0.0002493426235424515,11,TS_Kidney,150000000
8,0,0.0007352517248959793,14,TS_Kidney,0
8,1,0.014769314887163619,12,TS_Kidney,10000000
8,2,0.0023564624417855987,13,TS_Kidney,20000000
8,3,0.009905144757480965,9,TS_Kidney,30000000
8,4,0.011984456452838074,8,TS_Kidney,40000000
8,5,-0.013651990925761142,8,TS_Kidney,50000000
8,6,-0.00510704785628109,8,TS_Kidney,60000000
8,7,-0.003939423979178336,8,TS_Kidney,70000000
8,8,-0.0015542229351481497,9,TS_Kidney,80000000
8,9,-0.0006152970537971509,10,TS_Kidney,90000000
8,10,-0.012918358307520533,10,TS_Kidney,100000000
8,11,0.012143945463364818,5,TS_Kidney,110000000
8,12,0.00792549418443296,9,TS_Kidney,120000000
8,13,0.02048375340339742,6,TS_Kidney,130000000
8,14,0.0071935743931295,13,TS_Kidney,140000000
9,0,0.012306744318351659,10,TS_Kidney,0
9,1,-0.003934558140094596,6,TS_Kidney,10000000
9,2,0.003141424144236146,9,TS_Kidney,20000000
9,3,-0.0005164004451653133,21,TS_Kidney,30000000
9,6,0.0027621035529207584,10,TS_Kidney,60000000
9,7,0.015207506307630125,8,TS_Kidney,70000000
9,8,0.009516156374538627,8,TS_Kidney,80000000
9,9,0.007131182444142972,15,TS_Kidney,90000000
9,10,0.0004190876564825135,10,TS_Kidney,100000000
9,11,-0.00032839846407443235,9,TS_Kidney,110000000
9,12,-0.0035240757059053166,19,TS_Kidney,120000000
9,13,-0.010703817903849451,21,TS_Kidney,130000000
1,0,-0.005966955632214121,22,TS_Large_Intestine,0
1,1,-0.000911906133779919,23,TS_Large_Intestine,10000000
1,2,-0.017557803182042565,25,TS_Large_Intestine,20000000
1,3,-0.003987373832557695,19,TS_Large_Intestine,30000000
1,4,-0.01612552631122816,22,TS_Large_Intestine,40000000
1,5,0.0025708197257533275,15,TS_Large_Intestine,50000000
1,6,0.00707674929211096,11,TS_Large_Intestine,60000000
1,7,0.00622240713494136,8,TS_Large_Intestine,70000000
1,8,0.0018927884811006457,9,TS_Large_Intestine,80000000
1,9,0.007053939817189189,12,TS_Large_Intestine,90000000
1,10,0.008636390046527371,11,TS_Large_Intestine,100000000
1,11,0.00980638107762495,18,TS_Large_Intestine,110000000
1,14,-0.0004688151889939351,15,TS_Large_Intestine,140000000
1,15,-0.01906104137496962,40,TS_Large_Intestine,150000000
1,16,-0.003250779509568824,19,TS_Large_Intestine,160000000
1,17,0.008532380965972038,13,TS_Large_Intestine,170000000
1,18,0.0038248551382198868,9,TS_Large_Intestine,180000000
1,19,0.008428696371738315,6,TS_Large_Intestine,190000000
1,20,0.0007111074995494774,21,TS_Large_Intestine,200000000
1,21,0.0016517901872375948,9,TS_Large_Intestine,210000000
1,22,-0.0004572469257779229,18,TS_Large_Intestine,220000000
1,23,0.004268141825572404,11,TS_Large_Intestine,230000000
1,24,0.018609177296380085,16,TS_Large_Intestine,240000000
10,0,0.022416782821411255,10,TS_Large_Intestine,0
10,1,0.0035034577016109262,10,TS_Large_Intestine,10000000
10,2,0.022883659464647262,12,TS_Large_Intestine,20000000
10,3,0.010895805738921838,10,TS_Large_Intestine,30000000
10,4,0.002555587398246651,16,TS_Large_Intestine,40000000
10,5,0.0090198328920694,5,TS_Large_Intestine,50000000
10,6,0.011696262400864082,10,TS_Large_Intestine,60000000
10,7,-0.0030718827613375873,15,TS_Large_Intestine,70000000
10,8,0.002395795915208639,12,TS_Large_Intestine,80000000
10,9,0.009037582591343305,14,TS_Large_Intestine,90000000
10,10,0.0015194819141201024,14,TS_Large_Intestine,100000000
10,11,0.00519914559969034,12,TS_Large_Intestine,110000000
10,12,0.00423377909014181,8,TS_Large_Intestine,120000000
10,13,0.0025438884036221724,7,TS_Large_Intestine,130000000
11,0,-0.009299769897563573,37,TS_Large_Intestine,0
11,1,-0.003173200381457789,14,TS_Large_Intestine,10000000
11,2,0.0021510572395039194,6,TS_Large_Intestine,20000000
11,3,0.005820572700864356,8,TS_Large_Intestine,30000000
11,4,0.006217261205979754,14,TS_Large_Intestine,40000000
11,5,-0.00013348130513621165,23,TS_Large_Intestine,50000000
11,6,-0.020748311865895097,40,TS_Large_Intestine,60000000
11,7,-0.0036058220952896263,19,TS_Large_Intestine,70000000
11,8,0.0041520314423975965,10,TS_Large_Intestine,80000000
11,9,0.006050725228626783,8,TS_Large_Intestine,90000000
11,10,0.010960106323464244,9,TS_Large_Intestine,100000000
11,11,-4.16893257763948e-05,19,TS_Large_Intestine,110000000
11,12,-0.0029184936983686236,17,TS_Large_Intestine,120000000
11,13,0.0010006166083347506,5,TS_Large_Intestine,130000000
12,0,-0.016260862158974678,22,TS_Large_Intestine,0
12,1,-5.9705742775178805e-05,15,TS_Large_Intestine,10000000
12,2,0.014121948960727247,9,TS_Large_Intestine,20000000
12,3,0.009080322808776001,6,TS_Large_Intestine,30000000
12,4,0.005146477470077381,15,TS_Large_Intestine,40000000
12,5,-0.03387194221129766,31,TS_Large_Intestine,50000000
12,6,0.010629130461840887,12,TS_Large_Intestine,60000000
12,7,0.007273084209966739,7,TS_Large_Intestine,70000000
12,8,0.0038966439602787797,5,TS_Large_Intestine,80000000
12,9,0.0027505673443612767,10,TS_Large_Intestine,90000000
12,10,0.007397109773471024,14,TS_Large_Intestine,100000000
12,11,-0.004512119320402064,13,TS_Large_Intestine,110000000
12,12,-0.008089918653736476,15,TS_Large_Intestine,120000000
12,13,-0.003256346597867474,6,TS_Large_Intestine,130000000
13,1,0.006012580248002406,8,TS_Large_Intestine,10000000
13,2,-0.0009311992159419199,16,TS_Large_Intestine,20000000
13,3,0.009359054244046905,10,TS_Large_Intestine,30000000
13,4,0.00206620367614048,15,TS_Large_Intestine,40000000
13,5,0.0059565508933935385,9,TS_Large_Intestine,50000000
13,6,0.00035128579120877884,5,TS_Large_Intestine,60000000
13,7,0.007751330635531444,9,TS_Large_Intestine,70000000
13,9,0.002955599267723983,10,TS_Large_Intestine,90000000
13,10,0.012951424650958072,7,TS_Large_Intestine,100000000
13,11,0.0038140379085497473,7,TS_Large_Intestine,110000000
14,2,-0.00015272920131048493,33,TS_Large_Intestine,20000000
14,3,0.014021186945109305,11,TS_Large_Intestine,30000000
14,4,-0.021619398389502498,6,TS_Large_Intestine,40000000
14,5,0.0059630644340833245,12,TS_Large_Intestine,50000000
14,6,0.020529309869628806,13,TS_Large_Intestine,60000000
14,7,0.0019076979332268795,14,TS_Large_Intestine,70000000
14,8,0.0021531586492478188,6,TS_Large_Intestine,80000000
14,9,0.002387268430909081,12,TS_Large_Intestine,90000000
14,10,0.0003901736572274329,39,TS_Large_Intestine,100000000
15,2,0.0004958694650784797,24,TS_Large_Intestine,20000000
15,3,-0.0023216913584159365,12,TS_Large_Intestine,30000000
15,4,-0.012262054382984342,19,TS_Large_Intestine,40000000
15,5,0.0194784196850735,12,TS_Large_Intestine,50000000
15,6,0.015752408755786932,13,TS_Large_Intestine,60000000
15,7,-0.002721557208119865,18,TS_Large_Intestine,70000000
15,8,-0.0003567871420140482,15,TS_Large_Intestine,80000000
15,9,0.004137563732070318,10,TS_Large_Intestine,90000000
16,0,-0.014955623092763019,28,TS_Large_Intestine,0
16,1,-0.0004866395130191521,14,TS_Large_Intestine,10000000
16,2,0.005927514906511713,18,TS_Large_Intestine,20000000
16,3,-0.002148796676826827,19,TS_Large_Intestine,30000000
16,5,-0.01000130223986889,15,TS_Large_Intestine,50000000
16,6,-0.003968719470537506,13,TS_Large_Intestine,60000000
16,7,0.005592492213345539,12,TS_Large_Intestine,70000000
16,8,-0.00510207958487768,15,TS_Large_Intestine,80000000
17,0,-0.009642956668117677,30,TS_Large_Intestine,0
17,1,-0.002601169128887129,21,TS_Large_Intestine,10000000
17,2,0.0031058550064742203,15,TS_Large_Intestine,20000000
17,3,-0.007285575140333852,21,TS_Large_Intestine,30000000
17,4,-0.003070980718598817,39,TS_Large_Intestine,40000000
17,5,-0.002515285748648679,13,TS_Large_Intestine,50000000
17,6,0.020353916840133664,17,TS_Large_Intestine,60000000
17,7,-0.020599571998687657,19,TS_Large_Intestine,70000000
17,8,-0.010376211137279243,10,TS_Large_Intestine,80000000
18,0,0.002479781182409308,15,TS_Large_Intestine,0
18,1,0.010929523200891434,7,TS_Large_Intestine,10000000
18,2,0.0015740027779964252,7,TS_Large_Intestine,20000000
18,3,0.004275556800111295,7,TS_Large_Intestine,30000000
18,4,0.005335989871969368,6,TS_Large_Intestine,40000000
18,5,0.00010418450756874455,11,TS_Large_Intestine,50000000
18,6,0.0020979304568620764,6,TS_Large_Intestine,60000000
18,7,0.00156668154780158,5,TS_Large_Intestine,70000000
19,0,-0.04199135182519534,36,TS_Large_Intestine,0
19,1,-0.028842127766592153,40,TS_Large_Intestine,10000000
19,2,0.003014315753931172,13,TS_Large_Intestine,20000000
19,3,-0.02498339260459179,26,TS_Large_Intestine,30000000
19,4,-0.037153158404565824,42,TS_Large_Intestine,40000000
19,5,-0.013001481789160671,45,TS_Large_Intestine,50000000
2,0,-0.01245636096866565,7,TS_Large_Intestine,0
2,1,0.0023142203811830618,8,TS_Large_Intestine,10000000
2,2,0.012530599448348131,16,TS_Large_Intestine,20000000
2,3,0.0179598122221142,11,TS_Large_Intestine,30000000
2,4,0.0014661515198755649,10,TS_Large_Intestine,40000000
2,5,0.004997981357507906,7,TS_Large_Intestine,50000000
2,6,0.013992571984723165,14,TS_Large_Intestine,60000000
2,7,-0.0018493984938594114,14,TS_Large_Intestine,70000000
2,8,-0.008283208284517722,18,TS_Large_Intestine,80000000
2,9,0.00487139169623565,15,TS_Large_Intestine,90000000
2,10,0.004965485921544916,12,TS_Large_Intestine,100000000
2,11,0.0038510308541947276,12,TS_Large_Intestine,110000000
2,12,0.001411357107903642,8,TS_Large_Intestine,120000000
2,13,0.008451129349754036,16,TS_Large_Intestine,130000000
2,14,0.02840279534905586,6,TS_Large_Intestine,140000000
2,15,0.01554973118474205,9,TS_Large_Intestine,150000000
2,16,0.011722039397114806,8,TS_Large_Intestine,160000000
2,17,0.010933764648305635,13,TS_Large_Intestine,170000000
2,18,0.0163664279286413,7,TS_Large_Intestine,180000000
2,19,0.038710002878514796,8,TS_Large_Intestine,190000000
2,20,0.007572200828955217,18,TS_Large_Intestine,200000000
2,21,-0.00621815010878167,14,TS_Large_Intestine,210000000
2,22,0.008996086303723607,8,TS_Large_Intestine,220000000
2,23,0.005842924038937857,16,TS_Large_Intestine,230000000
2,24,-0.0036646950805153755,5,TS_Large_Intestine,240000000
20,0,0.007147735154950732,15,TS_Large_Intestine,0
20,1,-0.00259652115662364,10,TS_Large_Intestine,10000000
20,2,-0.001404120962798199,11,TS_Large_Intestine,20000000
20,3,-0.0003864974560386893,21,TS_Large_Intestine,30000000
20,4,0.0032891479894661983,17,TS_Large_Intestine,40000000
20,5,0.0008417452887422835,11,TS_Large_Intestine,50000000
20,6,-0.0234238725460329,11,TS_Large_Intestine,60000000
21,1,0.00033255118901325193,8,TS_Large_Intestine,10000000
21,2,-0.003909441272192588,6,TS_Large_Intestine,20000000
21,3,0.0024881751236596134,17,TS_Large_Intestine,30000000
21,4,-0.004105543663892529,14,TS_Large_Intestine,40000000
22,1,-0.0011522791478762947,15,TS_Large_Intestine,10000000
22,2,-0.0011900110328000955,32,TS_Large_Intestine,20000000
22,3,-0.009776793771313385,22,TS_Large_Intestine,30000000
22,4,-0.007344134238109087,18,TS_Large_Intestine,40000000
3,0,0.0012269301678136625,8,TS_Large_Intestine,0
3,1,0.016495387773181425,14,TS_Large_Intestine,10000000
3,2,0.01699574372700828,8,TS_Large_Intestine,20000000
3,3,-0.0045752242409218815,13,TS_Large_Intestine,30000000
3,4,0.0012639478911282633,23,TS_Large_Intestine,40000000
3,5,-0.005789814819698106,17,TS_Large_Intestine,50000000
3,6,0.009677311213143542,8,TS_Large_Intestine,60000000
3,7,0.0015425963746929943,8,TS_Large_Intestine,70000000
3,8,-0.0019958355059214884,5,TS_Large_Intestine,80000000
3,9,0.003441206675846726,7,TS_Large_Intestine,90000000
3,10,0.0051513882367549444,9,TS_Large_Intestine,100000000
3,11,0.008256418489846344,11,TS_Large_Intestine,110000000
3,12,0.0022811068775883676,19,TS_Large_Intestine,120000000
3,13,0.0038217548846619723,14,TS_Large_Intestine,130000000
3,14,0.010453106125600745,11,TS_Large_Intestine,140000000
3,15,0.001116344541200292,12,TS_Large_Intestine,150000000
3,16,0.002074768918842998,8,TS_Large_Intestine,160000000
3,17,0.0015304562978743622,10,TS_Large_Intestine,170000000
3,18,0.00251408169467864,17,TS_Large_Intestine,180000000
3,19,0.007551872780325891,15,TS_Large_Intestine,190000000
4,0,-0.0003888147462770961,19,TS_Large_Intestine,0
4,1,0.008643093299179538,7,TS_Large_Intestine,10000000
4,2,0.016347091518504348,5,TS_Large_Intestine,20000000
4,3,0.02018439174146286,5,TS_Large_Intestine,30000000
4,4,0.014892246629499074,9,TS_Large_Intestine,40000000
4,5,-0.0006030169630866021,8,TS_Large_Intestine,50000000
4,6,0.00209128600479023,7,TS_Large_Intestine,60000000
4,7,0.00422095592368128,12,TS_Large_Intestine,70000000
4,8,0.006215268480412528,11,TS_Large_Intestine,80000000
4,9,0.005729889661029407,6,TS_Large_Intestine,90000000
4,10,0.007270937192478591,10,TS_Large_Intestine,100000000
4,11,0.002298754764977532,9,TS_Large_Intestine,110000000
4,12,0.005681768270173302,7,TS_Large_Intestine,120000000
4,13,0.008277362822060616,5,TS_Large_Intestine,130000000
4,14,0.009157584500282156,8,TS_Large_Intestine,140000000
4,15,0.00840691912008683,10,TS_Large_Intestine,150000000
4,16,0.007027560566277461,6,TS_Large_Intestine,160000000
4,17,-0.0015856721382377413,6,TS_Large_Intestine,170000000
4,18,-0.0033811157365457875,9,TS_Large_Intestine,180000000
5,0,0.005262746187654632,10,TS_Large_Intestine,0
5,1,0.0023589528529062206,9,TS_Large_Intestine,10000000
5,3,0.011109863361133667,10,TS_Large_Intestine,30000000
5,4,0.008023945062114821,5,TS_Large_Intestine,40000000
5,5,0.014791392605987068,9,TS_Large_Intestine,50000000
5,6,0.015426452896287508,9,TS_Large_Intestine,60000000
5,7,0.017277181016808314,13,TS_Large_Intestine,70000000
5,8,0.004733663720522863,8,TS_Large_Intestine,80000000
5,9,0.013723235630191283,8,TS_Large_Intestine,90000000
5,10,0.02162394890386261,5,TS_Large_Intestine,100000000
5,11,0.020216288303393094,9,TS_Large_Intestine,110000000
5,12,0.0085280404210009,7,TS_Large_Intestine,120000000
5,13,-0.005852382983862681,16,TS_Large_Intestine,130000000
5,14,-0.0006322933906853984,18,TS_Large_Intestine,140000000
5,15,-0.014147048965351915,11,TS_Large_Intestine,150000000
5,16,0.009063738623555436,6,TS_Large_Intestine,160000000
5,17,-0.00467103087189459,16,TS_Large_Intestine,170000000
6,0,0.0022140310748588825,11,TS_Large_Intestine,0
6,1,0.013458659643185825,10,TS_Large_Intestine,10000000
6,2,-0.007801740744819737,28,TS_Large_Intestine,20000000
6,3,-0.03168931020410687,36,TS_Large_Intestine,30000000
6,4,0.00046547040921347273,17,TS_Large_Intestine,40000000
6,5,0.0005769775095564936,10,TS_Large_Intestine,50000000
6,7,-0.007792002721603676,9,TS_Large_Intestine,70000000
6,8,0.0059215899715756755,9,TS_Large_Intestine,80000000
6,9,0.019615734815290182,5,TS_Large_Intestine,90000000
6,10,0.020297825675763125,7,TS_Large_Intestine,100000000
6,11,0.013984888488093553,10,TS_Large_Intestine,110000000
6,12,0.011596920184941493,7,TS_Large_Intestine,120000000
6,13,-7.218392662433452e-05,13,TS_Large_Intestine,130000000
6,14,0.021137352508778604,8,TS_Large_Intestine,140000000
6,15,0.023267101573024748,11,TS_Large_Intestine,150000000
6,16,0.03591257089630067,7,TS_Large_Intestine,160000000
7,0,-0.0024530928427788363,13,TS_Large_Intestine,0
7,1,-0.007183062967818836,5,TS_Large_Intestine,10000000
7,2,-0.0009726017259756437,13,TS_Large_Intestine,20000000
7,3,0.011630741649899403,12,TS_Large_Intestine,30000000
7,4,-0.002884371559979446,10,TS_Large_Intestine,40000000
7,5,-0.001049117055594353,10,TS_Large_Intestine,50000000
7,6,0.0014991769380994198,12,TS_Large_Intestine,60000000
7,7,-0.009496666765877957,14,TS_Large_Intestine,70000000
7,8,0.0028909374032121994,5,TS_Large_Intestine,80000000
7,9,-0.007729786442910948,14,TS_Large_Intestine,90000000
7,10,0.004037065857446785,18,TS_Large_Intestine,100000000
7,11,0.021903851425908148,6,TS_Large_Intestine,110000000
7,12,5.854472782957669e-05,11,TS_Large_Intestine,120000000
7,13,0.028978747263574866,11,TS_Large_Intestine,130000000
7,14,0.0032366216564333277,24,TS_Large_Intestine,140000000
7,15,3.518334942511671e-05,11,TS_Large_Intestine,150000000
8,0,0.0026751812562153905,14,TS_Large_Intestine,0
8,1,0.0053570544239120365,12,TS_Large_Intestine,10000000
8,2,0.004824163327277225,13,TS_Large_Intestine,20000000
8,3,0.008079051836848991,9,TS_Large_Intestine,30000000
8,4,0.011824260255953872,8,TS_Large_Intestine,40000000
8,5,-0.0009296990455588427,8,TS_Large_Intestine,50000000
8,6,0.009718925579309924,8,TS_Large_Intestine,60000000
8,7,-0.0012375089427277867,8,TS_Large_Intestine,70000000
8,8,-0.002134716288294898,9,TS_Large_Intestine,80000000
8,9,-0.0067831917702939155,10,TS_Large_Intestine,90000000
8,10,-0.004517721084785065,10,TS_Large_Intestine,100000000
8,11,0.003331104693556807,5,TS_Large_Intestine,110000000
8,12,0.011536772857208626,9,TS_Large_Intestine,120000000
8,13,0.02738471739382455,6,TS_Large_Intestine,130000000
8,14,0.0028458420983343215,13,TS_Large_Intestine,140000000
9,0,0.0073715779082226054,10,TS_Large_Intestine,0
9,1,-0.0032219513929889042,6,TS_Large_Intestine,10000000
9,2,-0.0014142000290247253,9,TS_Large_Intestine,20000000
9,3,-0.0023507066076456904,21,TS_Large_Intestine,30000000
9,6,-9.404209149069453e-05,10,TS_Large_Intestine,60000000
9,7,2.779173672832146e-06,8,TS_Large_Intestine,70000000
9,8,0.005216103062476272,8,TS_Large_Intestine,80000000
9,9,0.00615298289420863,15,TS_Large_Intestine,90000000
9,10,0.0015033150592215281,10,TS_Large_Intestine,100000000
9,11,0.0011308506120110769,9,TS_Large_Intestine,110000000
9,12,-0.013142771213054391,19,TS_Large_Intestine,120000000
9,13,-0.005495462923569193,21,TS_Large_Intestine,130000000
1,0,0.009319567294187169,22,TS_Liver,0
1,1,0.0017567289822891104,23,TS_Liver,10000000
1,2,-0.03188996835792849,25,TS_Liver,20000000
1,3,-0.008043848486796828,19,TS_Liver,30000000
1,4,-0.0005218821125681884,22,TS_Liver,40000000
1,5,0.08245597684098348,15,TS_Liver,50000000
1,6,0.022606318661625584,11,TS_Liver,60000000
1,7,0.011956244095810035,8,TS_Liver,70000000
1,8,0.010622170097476435,9,TS_Liver,80000000
1,9,0.03947938249193669,12,TS_Liver,90000000
1,10,-0.0070794932351357035,11,TS_Liver,100000000
1,11,-0.007648285591639052,18,TS_Liver,110000000
1,14,0.003507177142807412,15,TS_Liver,140000000
1,15,-0.03718464371103082,40,TS_Liver,150000000
1,16,-0.019183164352983662,19,TS_Liver,160000000
1,17,0.01808376825193176,13,TS_Liver,170000000
1,18,-0.006349068938190043,9,TS_Liver,180000000
1,19,0.0177929455251153,6,TS_Liver,190000000
1,20,0.0037818290298612784,21,TS_Liver,200000000
1,21,0.010145123428283671,9,TS_Liver,210000000
1,22,0.010292554075391787,18,TS_Liver,220000000
1,23,0.003792316887179985,11,TS_Liver,230000000
1,24,0.0019333154056017216,16,TS_Liver,240000000
10,0,0.018153619599394714,10,TS_Liver,0
10,1,0.001726051995726742,10,TS_Liver,10000000
10,2,0.001783942808528812,12,TS_Liver,20000000
10,3,0.00904992552208657,10,TS_Liver,30000000
10,4,0.00047710277407728727,16,TS_Liver,40000000
10,5,0.014676502601149924,5,TS_Liver,50000000
10,6,0.0007409286047089444,10,TS_Liver,60000000
10,7,0.001949431989059047,15,TS_Liver,70000000
10,8,0.005522450474827329,12,TS_Liver,80000000
10,9,0.038629021685247754,14,TS_Liver,90000000
10,10,0.00817508470939453,14,TS_Liver,100000000
10,11,0.025256096750300962,12,TS_Liver,110000000
10,12,0.00854134500250716,8,TS_Liver,120000000
10,13,0.00497657998463919,7,TS_Liver,130000000
11,0,-0.01124564418415696,37,TS_Liver,0
11,1,0.018253111970510688,14,TS_Liver,10000000
11,2,0.026715767634485844,6,TS_Liver,20000000
11,3,0.010834176611305995,8,TS_Liver,30000000
11,4,0.006034827897204539,14,TS_Liver,40000000
11,5,-0.002786320212035862,23,TS_Liver,50000000
11,6,-0.03262302651476039,40,TS_Liver,60000000
11,7,0.005530096866775828,19,TS_Liver,70000000
11,8,0.0005103914222138685,10,TS_Liver,80000000
11,9,-0.0011212265862714447,8,TS_Liver,90000000
11,10,-4.947951213322509e-05,9,TS_Liver,100000000
11,11,0.016802727387669348,19,TS_Liver,110000000
11,12,-0.005534467759003544,17,TS_Liver,120000000
11,13,-0.002063886817449646,5,TS_Liver,130000000
12,0,-0.031390013998210994,22,TS_Liver,0
12,1,0.038370212621773744,15,TS_Liver,10000000
12,2,0.04793406938352824,9,TS_Liver,20000000
12,3,0.03510589508154651,6,TS_Liver,30000000
12,4,0.00916721394305541,15,TS_Liver,40000000
12,5,-0.029529486728100424,31,TS_Liver,50000000
12,6,-0.013681206540351662,12,TS_Liver,60000000
12,7,-0.007210212619838173,7,TS_Liver,70000000
12,8,0.010424872891390534,5,TS_Liver,80000000
12,9,-0.009885213235893867,10,TS_Liver,90000000
12,10,0.012691391481175667,14,TS_Liver,100000000
12,11,0.011828330360307658,13,TS_Liver,110000000
12,12,-0.007087267538996572,15,TS_Liver,120000000
12,13,-0.0026001695637623157,6,TS_Liver,130000000
13,1,0.002632570684800692,8,TS_Liver,10000000
13,2,-0.009760590475686122,16,TS_Liver,20000000
13,3,0.011747706812416464,10,TS_Liver,30000000
13,4,0.0005508841708894254,15,TS_Liver,40000000
13,5,0.0019811733602248713,9,TS_Liver,50000000
13,6,-0.0005371663395543002,5,TS_Liver,60000000
13,7,0.0021073064318986425,9,TS_Liver,70000000
13,9,0.02913754644114408,10,TS_Liver,90000000
13,10,0.044856756122714565,7,TS_Liver,100000000
13,11,0.01050549351615073,7,TS_Liver,110000000
14,2,-0.004778749860373089,33,TS_Liver,20000000
14,3,0.001141305821117128,11,TS_Liver,30000000
14,4,-0.029930926421331893,6,TS_Liver,40000000
14,5,-0.007222608138621563,12,TS_Liver,50000000
14,6,0.014706614166720101,13,TS_Liver,60000000
14,7,0.004657039497264737,14,TS_Liver,70000000
14,8,0.0012738529524577572,6,TS_Liver,80000000
14,9,0.00803385077157461,12,TS_Liver,90000000
14,10,-0.014514318470227825,39,TS_Liver,100000000
15,2,-0.00036864402638164145,24,TS_Liver,20000000
15,3,-0.0003075722319027113,12,TS_Liver,30000000
15,4,-0.011110595769087694,19,TS_Liver,40000000
15,5,0.06916215373542836,12,TS_Liver,50000000
15,6,0.004229126439841319,13,TS_Liver,60000000
15,7,-0.0018544135553968477,18,TS_Liver,70000000
15,8,0.002977982709510406,15,TS_Liver,80000000
15,9,-0.005753339022187257,10,TS_Liver,90000000
16,0,-0.009134540225924167,28,TS_Liver,0
16,1,0.006473902419961246,14,TS_Liver,10000000
16,2,-0.00441903656117499,18,TS_Liver,20000000
16,3,-0.01390532047687012,19,TS_Liver,30000000
16,5,-0.009128968457488288,15,TS_Liver,50000000
16,6,0.0010619447364815804,13,TS_Liver,60000000
16,7,0.03774311818240744,12,TS_Liver,70000000
16,8,-0.008509976046227174,15,TS_Liver,80000000
17,0,-0.01878792208443904,30,TS_Liver,0
17,1,-0.0008266494897880607,21,TS_Liver,10000000
17,2,-0.006352519080788277,15,TS_Liver,20000000
17,3,-0.019310013785529396,21,TS_Liver,30000000
17,4,-0.008362633799359817,39,TS_Liver,40000000
17,5,0.011811990331396714,13,TS_Liver,50000000
17,6,0.0013314023032406136,17,TS_Liver,60000000
17,7,-0.018831038591759795,19,TS_Liver,70000000
17,8,-0.02333440521373873,10,TS_Liver,80000000
18,0,-0.0023964722392509513,15,TS_Liver,0
18,1,0.00212453285149574,7,TS_Liver,10000000
18,2,0.01613191274866884,7,TS_Liver,20000000
18,3,0.03998638846323961,7,TS_Liver,30000000
18,4,0.03148824128340783,6,TS_Liver,40000000
18,5,0.005106016279804864,11,TS_Liver,50000000
18,6,0.004477672019812665,6,TS_Liver,60000000
18,7,0.005789516348443685,5,TS_Liver,70000000
19,0,-0.03719963870990256,36,TS_Liver,0
19,1,-0.048366182444731357,40,TS_Liver,10000000
19,2,-0.0008088949399282022,13,TS_Liver,20000000
19,3,-0.020257938815230966,26,TS_Liver,30000000
19,4,-0.03369752290005569,42,TS_Liver,40000000
19,5,-0.022992679501187278,45,TS_Liver,50000000
2,0,-0.006454851061282264,7,TS_Liver,0
2,1,0.02400992525779429,8,TS_Liver,10000000
2,2,-0.0028019836314512967,16,TS_Liver,20000000
2,3,0.01614873877837046,11,TS_Liver,30000000
2,4,0.006896292403221036,10,TS_Liver,40000000
2,5,8.749741147911752e-05,7,TS_Liver,50000000
2,6,0.004633383259344239,14,TS_Liver,60000000
2,7,-0.001488366842408702,14,TS_Liver,70000000
2,8,-0.018884494544789028,18,TS_Liver,80000000
2,9,-0.006955542859755624,15,TS_Liver,90000000
2,10,-0.0017877221989446035,12,TS_Liver,100000000
2,11,-0.005412831949859645,12,TS_Liver,110000000
2,12,0.0019299727285041193,8,TS_Liver,120000000
2,13,0.016019860407820056,16,TS_Liver,130000000
2,14,-0.00038787668216145113,6,TS_Liver,140000000
2,15,0.01437652504156591,9,TS_Liver,150000000
2,16,0.04279561386306505,8,TS_Liver,160000000
2,17,0.010058148094883089,13,TS_Liver,170000000
2,18,0.024779703409155383,7,TS_Liver,180000000
2,19,0.00296754076984016,8,TS_Liver,190000000
2,20,0.005434051573535707,18,TS_Liver,200000000
2,21,0.0266425579723408,14,TS_Liver,210000000
2,22,-0.000856104625068725,8,TS_Liver,220000000
2,23,0.0017245580173691935,16,TS_Liver,230000000
2,24,0.0071026644108017605,5,TS_Liver,240000000
20,0,0.0006253505182316147,15,TS_Liver,0
20,1,0.005218577143744635,10,TS_Liver,10000000
20,2,-0.0047585504049816995,11,TS_Liver,20000000
20,3,-0.005164268897485234,21,TS_Liver,30000000
20,4,0.00122016349309446,17,TS_Liver,40000000
20,5,-0.005569512970743416,11,TS_Liver,50000000
20,6,-0.025186695227518482,11,TS_Liver,60000000
21,1,0.0012499390864482457,8,TS_Liver,10000000
21,2,-0.004901925356690823,6,TS_Liver,20000000
21,3,0.0032104447000015184,17,TS_Liver,30000000
21,4,-0.0015490362412253615,14,TS_Liver,40000000
22,1,0.0010837282737741411,15,TS_Liver,10000000
22,2,0.0026382444408007853,32,TS_Liver,20000000
22,3,-0.021014280252530517,22,TS_Liver,30000000
22,4,-0.009751635210105178,18,TS_Liver,40000000
3,0,-0.008006776146110523,8,TS_Liver,0
3,1,0.003505950005971936,14,TS_Liver,10000000
3,2,0.0025977737564187205,8,TS_Liver,20000000
3,3,0.0006380271509992483,13,TS_Liver,30000000
3,4,-0.0065162840687230635,23,TS_Liver,40000000
3,5,0.005722058745575237,17,TS_Liver,50000000
3,6,0.0458955036533641,8,TS_Liver,60000000
3,7,0.001265539349945055,8,TS_Liver,70000000
3,8,0.0025678694853882343,5,TS_Liver,80000000
3,9,0.002744917608555393,7,TS_Liver,90000000
3,10,-0.0029238828034484545,9,TS_Liver,100000000
3,11,0.002053669843326141,11,TS_Liver,110000000
3,12,0.0287132854798255,19,TS_Liver,120000000
3,13,0.009339268542645619,14,TS_Liver,130000000
3,14,0.0027950316107017885,11,TS_Liver,140000000
3,15,0.0013140765334263467,12,TS_Liver,150000000
3,16,0.0002136893449780769,8,TS_Liver,160000000
3,17,0.008159926458120515,10,TS_Liver,170000000
3,18,0.006384595295109811,17,TS_Liver,180000000
3,19,0.03206844984255653,15,TS_Liver,190000000
4,0,0.0004496797239875439,19,TS_Liver,0
4,1,0.04099608762498792,7,TS_Liver,10000000
4,2,0.011414311905511704,5,TS_Liver,20000000
4,3,0.04904273570517801,5,TS_Liver,30000000
4,4,0.010066753030502784,9,TS_Liver,40000000
4,5,-0.0017207213529770039,8,TS_Liver,50000000
4,6,0.014066764132321918,7,TS_Liver,60000000
4,7,0.030512025499321246,12,TS_Liver,70000000
4,8,0.0011959173934272236,11,TS_Liver,80000000
4,9,0.02298832667166884,6,TS_Liver,90000000
4,10,-0.002388217241027276,10,TS_Liver,100000000
4,11,0.002693564138168931,9,TS_Liver,110000000
4,12,0.0033827893403160637,7,TS_Liver,120000000
4,13,0.0021610898114139683,5,TS_Liver,130000000
4,14,0.012625254286619397,8,TS_Liver,140000000
4,15,0.039888165118185576,10,TS_Liver,150000000
4,16,0.022610235263461412,6,TS_Liver,160000000
4,17,0.008910184270498533,6,TS_Liver,170000000
4,18,0.02207361718786742,9,TS_Liver,180000000
5,0,0.008055141402838391,10,TS_Liver,0
5,1,0.0008448729112362824,9,TS_Liver,10000000
5,3,0.02677111764083518,10,TS_Liver,30000000
5,4,0.018598469537587398,5,TS_Liver,40000000
5,5,0.0007330916035598442,9,TS_Liver,50000000
5,6,0.019811653063432008,9,TS_Liver,60000000
5,7,0.029917807025079405,13,TS_Liver,70000000
5,8,-0.015532448591772729,8,TS_Liver,80000000
5,9,0.004074030273233673,8,TS_Liver,90000000
5,10,0.003378419762888955,5,TS_Liver,100000000
5,11,0.01781999488742244,9,TS_Liver,110000000
5,12,0.006057557712398659,7,TS_Liver,120000000
5,13,-0.00930932136530911,16,TS_Liver,130000000
5,14,-0.009968443133807705,18,TS_Liver,140000000
5,15,-0.016020447040528938,11,TS_Liver,150000000
5,16,-0.002718074721473083,6,TS_Liver,160000000
5,17,-0.017092376092240028,16,TS_Liver,170000000
6,0,0.0025446503213849944,11,TS_Liver,0
6,1,0.0004535394212431972,10,TS_Liver,10000000
6,2,-0.012187376591545443,28,TS_Liver,20000000
6,3,-0.07154369427137908,36,TS_Liver,30000000
6,4,-0.002628839154220662,17,TS_Liver,40000000
6,5,0.008783422922288944,10,TS_Liver,50000000
6,7,-0.010286259079678254,9,TS_Liver,70000000
6,8,0.010643691314046562,9,TS_Liver,80000000
6,9,-0.0005655254318119053,5,TS_Liver,90000000
6,10,0.017720803978144427,7,TS_Liver,100000000
6,11,-0.0004286954906990199,10,TS_Liver,110000000
6,12,0.02000170104962152,7,TS_Liver,120000000
6,13,0.019752033291271693,13,TS_Liver,130000000
6,14,0.017162005816061674,8,TS_Liver,140000000
6,15,0.005443099692399838,11,TS_Liver,150000000
6,16,0.01780842370081098,7,TS_Liver,160000000
7,0,-0.00625548147048658,13,TS_Liver,0
7,1,0.004425843866437824,5,TS_Liver,10000000
7,2,-0.005862587437664294,13,TS_Liver,20000000
7,3,-0.0029801925197867744,12,TS_Liver,30000000
7,4,0.001280056765928697,10,TS_Liver,40000000
7,5,-0.0011746373206900215,10,TS_Liver,50000000
7,6,0.012523434050954236,12,TS_Liver,60000000
7,7,0.007789762669016062,14,TS_Liver,70000000
7,8,0.015644341415645524,5,TS_Liver,80000000
7,9,0.030595312944685146,14,TS_Liver,90000000
7,10,0.011461680730329434,18,TS_Liver,100000000
7,11,0.04234668609476089,6,TS_Liver,110000000
7,12,0.013845023558903906,11,TS_Liver,120000000
7,13,0.013090093418294967,11,TS_Liver,130000000
7,14,-0.0023534620600632636,24,TS_Liver,140000000
7,15,0.006442025875634651,11,TS_Liver,150000000
8,0,0.00299056406205789,14,TS_Liver,0
8,1,0.064142901790353,12,TS_Liver,10000000
8,2,0.02641558582864769,13,TS_Liver,20000000
8,3,-0.0030293098953091233,9,TS_Liver,30000000
8,4,-0.00332621479741007,8,TS_Liver,40000000
8,5,-0.008748773299899587,8,TS_Liver,50000000
8,6,-1.7861407066183967e-05,8,TS_Liver,60000000
8,7,0.0024781380248849404,8,TS_Liver,70000000
8,8,-0.000515265879586053,9,TS_Liver,80000000
8,9,0.0042004020755155224,10,TS_Liver,90000000
8,10,-0.011597357806983006,10,TS_Liver,100000000
8,11,0.007163260658734164,5,TS_Liver,110000000
8,12,0.021990847810140487,9,TS_Liver,120000000
8,13,-0.0055457751535767,6,TS_Liver,130000000
8,14,-0.010650605852764866,13,TS_Liver,140000000
9,0,0.05750309677636166,10,TS_Liver,0
9,1,0.0021646491990501894,6,TS_Liver,10000000
9,2,-0.0030134380418977034,9,TS_Liver,20000000
9,3,-0.0033030812046078604,21,TS_Liver,30000000
9,6,0.00249445909699021,10,TS_Liver,60000000
9,7,0.014055605284025751,8,TS_Liver,70000000
9,8,0.001534145408066792,8,TS_Liver,80000000
9,9,0.019460138289073288,15,TS_Liver,90000000
9,10,0.03417800908927023,10,TS_Liver,100000000
9,11,0.047669512735116756,9,TS_Liver,110000000
9,12,0.0103666991139291,19,TS_Liver,120000000
9,13,-0.0077701107999617654,21,TS_Liver,130000000
1,0,-0.0008784104880633942,22,TS_Lung,0
1,1,0.0031511536613817496,23,TS_Lung,10000000
1,2,-0.027749943202433517,25,TS_Lung,20000000
1,3,-0.004879353052363414,19,TS_Lung,30000000
1,4,-0.007033608710094206,22,TS_Lung,40000000
1,5,0.015285097137449558,15,TS_Lung,50000000
1,6,0.014387503219867686,11,TS_Lung,60000000
1,7,0.016497960026890128,8,TS_Lung,70000000
1,8,0.005607789955821242,9,TS_Lung,80000000
1,9,0.011671021533737662,12,TS_Lung,90000000
1,10,0.0021915511798952596,11,TS_Lung,100000000
1,11,0.001966331643313921,18,TS_Lung,110000000
1,14,-0.002717219049195699,15,TS_Lung,140000000
1,15,-0.031773437617103086,40,TS_Lung,150000000
1,16,-0.016928502892558067,19,TS_Lung,160000000
1,17,0.006523253675387221,13,TS_Lung,170000000
1,18,0.005109141463840421,9,TS_Lung,180000000
1,19,-0.005063334635617905,6,TS_Lung,190000000
1,20,-0.0013819854336914233,21,TS_Lung,200000000
1,21,0.01437861068079769,9,TS_Lung,210000000
1,22,0.007292294567788147,18,TS_Lung,220000000
1,23,0.0007297523725904757,11,TS_Lung,230000000
1,24,0.01218281002266932,16,TS_Lung,240000000
10,0,0.005176005401055929,10,TS_Lung,0
10,1,0.011172802606006435,10,TS_Lung,10000000
10,2,0.021324375316056993,12,TS_Lung,20000000
10,3,0.010239734602259668,10,TS_Lung,30000000
10,4,0.0016100486873663724,16,TS_Lung,40000000
10,5,0.023367649512399273,5,TS_Lung,50000000
10,6,0.011121628683256866,10,TS_Lung,60000000
10,7,-0.003692739514812734,15,TS_Lung,70000000
10,8,-0.002082287704362275,12,TS_Lung,80000000
10,9,0.010896596795917816,14,TS_Lung,90000000
10,10,0.0034365232318002005,14,TS_Lung,100000000
10,11,0.01530042452169446,12,TS_Lung,110000000
10,12,0.0085176191070033,8,TS_Lung,120000000
10,13,0.017688976988882832,7,TS_Lung,130000000
11,0,-0.007412515301226992,37,TS_Lung,0
11,1,8.896665072529703e-05,14,TS_Lung,10000000
11,2,0.01481769413512827,6,TS_Lung,20000000
11,3,0.00720941565754715,8,TS_Lung,30000000
11,4,0.0026479176214871934,14,TS_Lung,40000000
11,5,-0.0018009851643897568,23,TS_Lung,50000000
11,6,-0.03367328385801531,40,TS_Lung,60000000
11,7,-0.0012633681239223441,19,TS_Lung,70000000
11,8,0.007927913370457715,10,TS_Lung,80000000
11,9,0.002799200803077608,8,TS_Lung,90000000
11,10,0.01962450706785196,9,TS_Lung,100000000
11,11,-6.528674195217434e-05,19,TS_Lung,110000000
11,12,-0.003274161999458982,17,TS_Lung,120000000
11,13,0.002691216757393539,5,TS_Lung,130000000
12,0,-0.03160150157060477,22,TS_Lung,0
12,1,0.004061667043890961,15,TS_Lung,10000000
12,2,0.028664730197683248,9,TS_Lung,20000000
12,3,0.014737113214483765,6,TS_Lung,30000000
12,4,0.0025172593122149024,15,TS_Lung,40000000
12,5,-0.039717579477417934,31,TS_Lung,50000000
12,6,0.007826359439845101,12,TS_Lung,60000000
12,7,0.008109966475394787,7,TS_Lung,70000000
12,8,0.024934469605421793,5,TS_Lung,80000000
12,9,0.0058716859615907,10,TS_Lung,90000000
12,10,0.003399911361395413,14,TS_Lung,100000000
12,11,-0.006806245798383163,13,TS_Lung,110000000
12,12,-0.011228896560701486,15,TS_Lung,120000000
12,13,-0.0028194678553897785,6,TS_Lung,130000000
13,1,-0.0006267865544872593,8,TS_Lung,10000000
13,2,-0.006521952422551815,16,TS_Lung,20000000
13,3,0.016063399951988126,10,TS_Lung,30000000
13,4,-0.005893138877007391,15,TS_Lung,40000000
13,5,0.0063875222780621355,9,TS_Lung,50000000
13,6,0.0003508967690005007,5,TS_Lung,60000000
13,7,0.0034014950746009257,9,TS_Lung,70000000
13,9,0.008294749280838608,10,TS_Lung,90000000
13,10,0.020062477269525363,7,TS_Lung,100000000
13,11,0.010021633178043124,7,TS_Lung,110000000
14,2,-0.002683977096050479,33,TS_Lung,20000000
14,3,0.011188012580529776,11,TS_Lung,30000000
14,4,-0.02417175823067025,6,TS_Lung,40000000
14,5,0.003933349972803373,12,TS_Lung,50000000
14,6,0.015467535496321756,13,TS_Lung,60000000
14,7,0.0034430449278729743,14,TS_Lung,70000000
14,8,0.006191661319665161,6,TS_Lung,80000000
14,9,0.004093123182086969,12,TS_Lung,90000000
14,10,-0.00018613202989886814,39,TS_Lung,100000000
15,2,0.0010457341727055111,24,TS_Lung,20000000
15,3,0.0005197747287608204,12,TS_Lung,30000000
15,4,-0.0047065993138582386,19,TS_Lung,40000000
15,5,0.019520053029884906,12,TS_Lung,50000000
15,6,0.0021937903837489898,13,TS_Lung,60000000
15,7,0.005539481459064102,18,TS_Lung,70000000
15,8,0.004449707966814462,15,TS_Lung,80000000
15,9,0.0018462461019300483,10,TS_Lung,90000000
16,0,-0.015817456396922367,28,TS_Lung,0
16,1,0.005588712968168811,14,TS_Lung,10000000
16,2,0.004089024997450084,18,TS_Lung,20000000
16,3,-0.00669946490743952,19,TS_Lung,30000000
16,5,-0.00837916919571676,15,TS_Lung,50000000
16,6,-0.0011419152560292933,13,TS_Lung,60000000
16,7,0.01670378410165031,12,TS_Lung,70000000
16,8,-0.0005372603152578407,15,TS_Lung,80000000
17,0,-0.010826177514811986,30,TS_Lung,0
17,1,0.0005953102859828912,21,TS_Lung,10000000
17,2,-0.002293434456856252,15,TS_Lung,20000000
17,3,-0.014961311483902213,21,TS_Lung,30000000
17,4,-0.009900631745292012,39,TS_Lung,40000000
17,5,0.004637956708054638,13,TS_Lung,50000000
17,6,0.011262897564678688,17,TS_Lung,60000000
17,7,-0.016632500077958946,19,TS_Lung,70000000
17,8,-0.013841193063822385,10,TS_Lung,80000000
18,0,0.003797387347438058,15,TS_Lung,0
18,1,0.006779408751237413,7,TS_Lung,10000000
18,2,0.019821832469406196,7,TS_Lung,20000000
18,3,0.015225365761755537,7,TS_Lung,30000000
18,4,0.00943016109291551,6,TS_Lung,40000000
18,5,0.006685902183220445,11,TS_Lung,50000000
18,6,0.005023032964275544,6,TS_Lung,60000000
18,7,0.006585788709472457,5,TS_Lung,70000000
19,0,-0.042957248974083685,36,TS_Lung,0
19,1,-0.031850712500779976,40,TS_Lung,10000000
19,2,0.002114578354974593,13,TS_Lung,20000000
19,3,-0.024618101405301802,26,TS_Lung,30000000
19,4,-0.03319862402863066,42,TS_Lung,40000000
19,5,-0.012256197551467223,45,TS_Lung,50000000
2,0,-0.0034982742282271507,7,TS_Lung,0
2,1,0.0015616997131327338,8,TS_Lung,10000000
2,2,0.0047085613868580005,16,TS_Lung,20000000
2,3,0.014487714232586395,11,TS_Lung,30000000
2,4,0.006444587630127283,10,TS_Lung,40000000
2,5,0.0051539369339055644,7,TS_Lung,50000000
2,6,0.0064654889864582685,14,TS_Lung,60000000
2,7,-0.002104636195196213,14,TS_Lung,70000000
2,8,-0.014216475644067278,18,TS_Lung,80000000
2,9,0.004160972317274274,15,TS_Lung,90000000
2,10,-0.0005233001392200825,12,TS_Lung,100000000
2,11,0.0016902133906665018,12,TS_Lung,110000000
2,12,0.00023345716663958468,8,TS_Lung,120000000
2,13,0.0049194925750435155,16,TS_Lung,130000000
2,14,0.008525219937338265,6,TS_Lung,140000000
2,15,0.022030048142326866,9,TS_Lung,150000000
2,16,0.026281097798916617,8,TS_Lung,160000000
2,17,0.006147654826424104,13,TS_Lung,170000000
2,18,0.026189869862214575,7,TS_Lung,180000000
2,19,0.026397209089175734,8,TS_Lung,190000000
2,20,0.009333196412265744,18,TS_Lung,200000000
2,21,-0.004443831748799649,14,TS_Lung,210000000
2,22,0.004143303895419722,8,TS_Lung,220000000
2,23,0.0023863195249528533,16,TS_Lung,230000000
2,24,0.016146324781602543,5,TS_Lung,240000000
20,0,0.002931469963991405,15,TS_Lung,0
20,1,0.005164243990254799,10,TS_Lung,10000000
20,2,-0.002578815339683131,11,TS_Lung,20000000
20,3,-0.004659638759101105,21,TS_Lung,30000000
20,4,-0.00248715825261709,17,TS_Lung,40000000
20,5,0.003956192527746895,11,TS_Lung,50000000
20,6,-0.025967439689281942,11,TS_Lung,60000000
21,1,0.0030992336611367073,8,TS_Lung,10000000
21,2,-0.0035710468928318493,6,TS_Lung,20000000
21,3,0.007786958748068133,17,TS_Lung,30000000
21,4,0.0030847891682202343,14,TS_Lung,40000000
22,1,-0.0021350106194157645,15,TS_Lung,10000000
22,2,-0.0007356678850177258,32,TS_Lung,20000000
22,3,-0.009115525282708984,22,TS_Lung,30000000
22,4,-0.008701555712227119,18,TS_Lung,40000000
3,0,-0.0017177356321888173,8,TS_Lung,0
3,1,0.0031218456116040285,14,TS_Lung,10000000
3,2,0.018310125233533293,8,TS_Lung,20000000
3,3,0.0028854449817990696,13,TS_Lung,30000000
3,4,-0.004091802529066462,23,TS_Lung,40000000
3,5,-0.005814592882933415,17,TS_Lung,50000000
3,6,0.041397016366787345,8,TS_Lung,60000000
3,7,0.00783084214505686,8,TS_Lung,70000000
3,8,0.009001505955168122,5,TS_Lung,80000000
3,9,0.004626637228981327,7,TS_Lung,90000000
3,10,0.007638839611071728,9,TS_Lung,100000000
3,11,0.013702185592337752,11,TS_Lung,110000000
3,12,0.005167804395698919,19,TS_Lung,120000000
3,13,0.008846288151695735,14,TS_Lung,130000000
3,14,0.010582986270291785,11,TS_Lung,140000000
3,15,0.00731765670940942,12,TS_Lung,150000000
3,16,0.010707162680506078,8,TS_Lung,160000000
3,17,0.01954380562341204,10,TS_Lung,170000000
3,18,0.006744960878962349,17,TS_Lung,180000000
3,19,0.012223192901608412,15,TS_Lung,190000000
4,0,0.0020751942780151576,19,TS_Lung,0
4,1,0.02294699588548869,7,TS_Lung,10000000
4,2,0.018574463378155107,5,TS_Lung,20000000
4,3,0.017716858656600526,5,TS_Lung,30000000
4,4,0.007226396472536454,9,TS_Lung,40000000
4,5,-0.00044193289403164556,8,TS_Lung,50000000
4,6,0.0007952743041642688,7,TS_Lung,60000000
4,7,-0.0037189520085768504,12,TS_Lung,70000000
4,8,0.024207668230281806,11,TS_Lung,80000000
4,9,0.0118472520208202,6,TS_Lung,90000000
4,10,-0.005374400756900004,10,TS_Lung,100000000
4,11,0.002513711496226832,9,TS_Lung,110000000
4,12,0.010468450542159969,7,TS_Lung,120000000
4,13,0.006897206941534122,5,TS_Lung,130000000
4,14,0.015947285663905058,8,TS_Lung,140000000
4,15,0.01338143868889273,10,TS_Lung,150000000
4,16,0.00858466923412427,6,TS_Lung,160000000
4,17,0.010632112674556353,6,TS_Lung,170000000
4,18,0.007906135422771614,9,TS_Lung,180000000
5,0,0.013931837970237069,10,TS_Lung,0
5,1,0.006112329043445077,9,TS_Lung,10000000
5,3,0.004640188313311351,10,TS_Lung,30000000
5,4,-0.0047451686716970115,5,TS_Lung,40000000
5,5,0.01769734323746891,9,TS_Lung,50000000
5,6,0.014915810481667723,9,TS_Lung,60000000
5,7,0.00517952234397965,13,TS_Lung,70000000
5,8,-0.004186353189521146,8,TS_Lung,80000000
5,9,0.016303299316020394,8,TS_Lung,90000000
5,10,0.02365912273899011,5,TS_Lung,100000000
5,11,0.01708139003272977,9,TS_Lung,110000000
5,12,0.01730064208708122,7,TS_Lung,120000000
5,13,-0.0035677643159912767,16,TS_Lung,130000000
5,14,-0.00406111033845539,18,TS_Lung,140000000
5,15,-0.025745734646841337,11,TS_Lung,150000000
5,16,0.004876136337061468,6,TS_Lung,160000000
5,17,-0.01830717949227577,16,TS_Lung,170000000
6,0,0.004965870932436986,11,TS_Lung,0
6,1,0.020303871393564286,10,TS_Lung,10000000
6,2,-0.005614225007364081,28,TS_Lung,20000000
6,3,-0.05205153583377638,36,TS_Lung,30000000
6,4,-0.003135885762354439,17,TS_Lung,40000000
6,5,0.010961512506397922,10,TS_Lung,50000000
6,7,-0.0045314212187022975,9,TS_Lung,70000000
6,8,0.008323202297831222,9,TS_Lung,80000000
6,9,0.003195754926904672,5,TS_Lung,90000000
6,10,0.0177163778704455,7,TS_Lung,100000000
6,11,0.016344090481085295,10,TS_Lung,110000000
6,12,0.008627696846926823,7,TS_Lung,120000000
6,13,0.005508250942678034,13,TS_Lung,130000000
6,14,0.022933055516744107,8,TS_Lung,140000000
6,15,0.02677143313835336,11,TS_Lung,150000000
6,16,0.02456123954105236,7,TS_Lung,160000000
7,0,0.0010337398256648092,13,TS_Lung,0
7,1,0.007865003542413446,5,TS_Lung,10000000
7,2,0.003053931806975083,13,TS_Lung,20000000
7,3,0.0024815596088336536,12,TS_Lung,30000000
7,4,-0.006834049756957722,10,TS_Lung,40000000
7,5,-0.0019763624423781495,10,TS_Lung,50000000
7,6,0.004458506688364048,12,TS_Lung,60000000
7,7,0.007648263317721166,14,TS_Lung,70000000
7,8,0.030264860263991104,5,TS_Lung,80000000
7,9,0.003972364745808891,14,TS_Lung,90000000
7,10,0.00640320246888847,18,TS_Lung,100000000
7,11,0.02728641977933043,6,TS_Lung,110000000
7,12,0.0033204248652036862,11,TS_Lung,120000000
7,13,0.024545284085530635,11,TS_Lung,130000000
7,14,-0.0008610166845176361,24,TS_Lung,140000000
7,15,-0.003674806326211355,11,TS_Lung,150000000
8,0,0.0017687868502293338,14,TS_Lung,0
8,1,0.01678000985417061,12,TS_Lung,10000000
8,2,0.005855384708715111,13,TS_Lung,20000000
8,3,0.0052839795280423246,9,TS_Lung,30000000
8,4,0.002944091387663448,8,TS_Lung,40000000
8,5,-0.007003670766692237,8,TS_Lung,50000000
8,6,0.007951734475954273,8,TS_Lung,60000000
8,7,0.0035230526847535356,8,TS_Lung,70000000
8,8,-2.3592998098607757e-06,9,TS_Lung,80000000
8,9,-0.00013098130617414,10,TS_Lung,90000000
8,10,0.004827291582853564,10,TS_Lung,100000000
8,11,0.010211350148715385,5,TS_Lung,110000000
8,12,0.009207927596568459,9,TS_Lung,120000000
8,13,0.011572799940345895,6,TS_Lung,130000000
8,14,-0.0005519726129133248,13,TS_Lung,140000000
9,0,0.028884993312221247,10,TS_Lung,0
9,1,-0.004442549580386477,6,TS_Lung,10000000
9,2,0.001273314457730712,9,TS_Lung,20000000
9,3,-0.0021001407117926182,21,TS_Lung,30000000
9,6,0.00572551120677651,10,TS_Lung,60000000
9,7,0.026916359880246595,8,TS_Lung,70000000
9,8,0.007692445879228936,8,TS_Lung,80000000
9,9,0.0072221020040703085,15,TS_Lung,90000000
9,10,0.0022706979927445193,10,TS_Lung,100000000
9,11,0.01082530938835189,9,TS_Lung,110000000
9,12,-0.007826024524090354,19,TS_Lung,120000000
9,13,-0.008549045440647761,21,TS_Lung,130000000
1,0,-0.005590509287401794,22,TS_Pancreas,0
1,1,0.0020699688635515035,23,TS_Pancreas,10000000
1,2,-0.03308958529202869,25,TS_Pancreas,20000000
1,3,-0.0038792277875931585,19,TS_Pancreas,30000000
1,4,-0.007955349808160138,22,TS_Pancreas,40000000
1,5,0.013584770236421035,15,TS_Pancreas,50000000
1,6,0.024956168945374006,11,TS_Pancreas,60000000
1,7,0.01840673283183387,8,TS_Pancreas,70000000
1,8,0.008018595489959778,9,TS_Pancreas,80000000
1,9,0.007740282651605187,12,TS_Pancreas,90000000
1,10,-0.0034901356385725712,11,TS_Pancreas,100000000
1,11,-0.002497136959444887,18,TS_Pancreas,110000000
1,14,-0.00352833159825499,15,TS_Pancreas,140000000
1,15,-0.033939431122591325,40,TS_Pancreas,150000000
1,16,-0.008295656234377903,19,TS_Pancreas,160000000
1,17,0.017386163494934083,13,TS_Pancreas,170000000
1,18,0.011000918634621548,9,TS_Pancreas,180000000
1,19,0.0025131725788597927,6,TS_Pancreas,190000000
1,20,-0.0007945513658858981,21,TS_Pancreas,200000000
1,21,0.007492500414860851,9,TS_Pancreas,210000000
1,22,-0.0010744256546865666,18,TS_Pancreas,220000000
1,23,0.002229804647167363,11,TS_Pancreas,230000000
1,24,0.01743052112463886,16,TS_Pancreas,240000000
10,0,-0.0004840089598621278,10,TS_Pancreas,0
10,1,0.006581593436909961,10,TS_Pancreas,10000000
10,2,0.020083117757585936,12,TS_Pancreas,20000000
10,3,0.029480115081687547,10,TS_Pancreas,30000000
10,4,0.003311764118932241,16,TS_Pancreas,40000000
10,5,0.032485352862945696,5,TS_Pancreas,50000000
10,6,0.00656144698814552,10,TS_Pancreas,60000000
10,7,-0.012217237830001507,15,TS_Pancreas,70000000
10,8,0.012318256504269237,12,TS_Pancreas,80000000
10,9,0.008796054074861321,14,TS_Pancreas,90000000
10,10,0.00013641418763267316,14,TS_Pancreas,100000000
10,11,0.007813563909396035,12,TS_Pancreas,110000000
10,12,0.003651536735942289,8,TS_Pancreas,120000000
10,13,0.01336845160069192,7,TS_Pancreas,130000000
11,0,-0.010764125813067144,37,TS_Pancreas,0
11,1,0.0010029653814862328,14,TS_Pancreas,10000000
11,2,0.006751577792824436,6,TS_Pancreas,20000000
11,3,0.008595442396094248,8,TS_Pancreas,30000000
11,4,0.000878608000082984,14,TS_Pancreas,40000000
11,5,-0.0026685572836390283,23,TS_Pancreas,50000000
11,6,-0.03554161682604696,40,TS_Pancreas,60000000
11,7,-0.006373546284455392,19,TS_Pancreas,70000000
11,8,0.013634851660033842,10,TS_Pancreas,80000000
11,9,0.005195489557445195,8,TS_Pancreas,90000000
11,10,0.021609955013178552,9,TS_Pancreas,100000000
11,11,0.0015318937949418395,19,TS_Pancreas,110000000
11,12,-0.0053944954709381505,17,TS_Pancreas,120000000
11,13,0.0008240955255064769,5,TS_Pancreas,130000000
12,0,-0.029111700252338224,22,TS_Pancreas,0
12,1,0.017447197161654337,15,TS_Pancreas,10000000
12,2,0.020376099492535785,9,TS_Pancreas,20000000
12,3,0.023478469680263136,6,TS_Pancreas,30000000
12,4,-0.0004031657378964275,15,TS_Pancreas,40000000
12,5,-0.03659259160921468,31,TS_Pancreas,50000000
12,6,0.0075025947548509235,12,TS_Pancreas,60000000
12,7,0.014632135275429737,7,TS_Pancreas,70000000
12,8,0.027288951063015248,5,TS_Pancreas,80000000
12,9,-0.008148893390918514,10,TS_Pancreas,90000000
12,10,0.004173440920263599,14,TS_Pancreas,100000000
12,11,-0.00931672229379418,13,TS_Pancreas,110000000
12,12,-0.028214604669310268,15,TS_Pancreas,120000000
12,13,0.0001838641547635907,6,TS_Pancreas,130000000
13,1,0.0023383924754037796,8,TS_Pancreas,10000000
13,2,-0.00878626137526931,16,TS_Pancreas,20000000
13,3,0.02687165177284384,10,TS_Pancreas,30000000
13,4,-0.012014826507848445,15,TS_Pancreas,40000000
13,5,0.002347268663246217,9,TS_Pancreas,50000000
13,6,0.0017740616618613365,5,TS_Pancreas,60000000
13,7,0.008700734547637068,9,TS_Pancreas,70000000
13,9,0.015520474032039858,10,TS_Pancreas,90000000
13,10,0.018848777495882586,7,TS_Pancreas,100000000
13,11,0.034071954240766464,7,TS_Pancreas,110000000
14,2,-0.00229214366010112,33,TS_Pancreas,20000000
14,3,0.010449457084941072,11,TS_Pancreas,30000000
14,4,-0.022931064391410513,6,TS_Pancreas,40000000
14,5,0.008008294355259049,12,TS_Pancreas,50000000
14,6,0.012475762672927725,13,TS_Pancreas,60000000
14,7,0.0012583508406667774,14,TS_Pancreas,70000000
14,8,0.003150208103168285,6,TS_Pancreas,80000000
14,9,-0.0025578599964833004,12,TS_Pancreas,90000000
14,10,-0.001069927759202268,39,TS_Pancreas,100000000
15,2,0.0016672123767087655,24,TS_Pancreas,20000000
15,3,0.009555729039788642,12,TS_Pancreas,30000000
15,4,-0.011296126372544653,19,TS_Pancreas,40000000
15,5,0.013756997564966698,12,TS_Pancreas,50000000
15,6,0.0033169191662889776,13,TS_Pancreas,60000000
15,7,-0.00042358900859509316,18,TS_Pancreas,70000000
15,8,0.00564924074789643,15,TS_Pancreas,80000000
15,9,0.0033887011531324243,10,TS_Pancreas,90000000
16,0,-0.01862062243070761,28,TS_Pancreas,0
16,1,-0.0012271684982716707,14,TS_Pancreas,10000000
16,2,-0.0033771513680868966,18,TS_Pancreas,20000000
16,3,-0.008730243251366737,19,TS_Pancreas,30000000
16,5,-0.0003039155299885246,15,TS_Pancreas,50000000
16,6,-0.0030622181513555056,13,TS_Pancreas,60000000
16,7,0.007263268573124632,12,TS_Pancreas,70000000
16,8,-0.008479103275601823,15,TS_Pancreas,80000000
17,0,-0.017772931909761983,30,TS_Pancreas,0
17,1,0.0019270068421050567,21,TS_Pancreas,10000000
17,2,-0.003073191585953418,15,TS_Pancreas,20000000
17,3,-0.015673733250975548,21,TS_Pancreas,30000000
17,4,-0.007755241340957974,39,TS_Pancreas,40000000
17,5,0.0021465834869193196,13,TS_Pancreas,50000000
17,6,0.010265895399792141,17,TS_Pancreas,60000000
17,7,-0.006545961868069678,19,TS_Pancreas,70000000
17,8,-0.01906088975306648,10,TS_Pancreas,80000000
18,0,0.0006667970415299806,15,TS_Pancreas,0
18,1,0.008427740138175042,7,TS_Pancreas,10000000
18,2,0.011885214062289208,7,TS_Pancreas,20000000
18,3,0.012305956575220706,7,TS_Pancreas,30000000
18,4,0.009888773650444105,6,TS_Pancreas,40000000
18,5,0.00230876030098052,11,TS_Pancreas,50000000
18,6,0.005716413042568627,6,TS_Pancreas,60000000
18,7,0.010273704216132246,5,TS_Pancreas,70000000
19,0,-0.04661425700560497,36,TS_Pancreas,0
19,1,-0.035264809908727865,40,TS_Pancreas,10000000
19,2,0.0021668324229247513,13,TS_Pancreas,20000000
19,3,-0.02820949695400254,26,TS_Pancreas,30000000
19,4,-0.03357616494302439,42,TS_Pancreas,40000000
19,5,-0.015390955041227512,45,TS_Pancreas,50000000
2,0,-0.0077071632408083094,7,TS_Pancreas,0
2,1,0.005789013737391476,8,TS_Pancreas,10000000
2,2,0.0007727794198785678,16,TS_Pancreas,20000000
2,3,0.026689039297176566,11,TS_Pancreas,30000000
2,4,0.0075526577918412965,10,TS_Pancreas,40000000
2,5,0.006868850861549634,7,TS_Pancreas,50000000
2,6,0.014446952738248192,14,TS_Pancreas,60000000
2,7,-0.0077496994999960555,14,TS_Pancreas,70000000
2,8,-0.013840109783943191,18,TS_Pancreas,80000000
2,9,-0.0009572055444387101,15,TS_Pancreas,90000000
2,10,0.003587977021825506,12,TS_Pancreas,100000000
2,11,0.0015956017616263855,12,TS_Pancreas,110000000
2,12,0.001080434422994171,8,TS_Pancreas,120000000
2,13,0.002016219411169255,16,TS_Pancreas,130000000
2,14,0.007229808456002442,6,TS_Pancreas,140000000
2,15,0.015939985973288835,9,TS_Pancreas,150000000
2,16,0.02744457078390095,8,TS_Pancreas,160000000
2,17,0.0034783662222942022,13,TS_Pancreas,170000000
2,18,0.04089915869666372,7,TS_Pancreas,180000000
2,19,0.021914738181175224,8,TS_Pancreas,190000000
2,20,0.011659091770808618,18,TS_Pancreas,200000000
2,21,-0.0062801483545475946,14,TS_Pancreas,210000000
2,22,0.012950582511018535,8,TS_Pancreas,220000000
2,23,0.012436888452203608,16,TS_Pancreas,230000000
2,24,0.018068887197562642,5,TS_Pancreas,240000000
20,0,0.0010324096816582288,15,TS_Pancreas,0
20,1,0.003410296184531263,10,TS_Pancreas,10000000
20,2,-0.0037275478011530323,11,TS_Pancreas,20000000
20,3,-0.005550434667434019,21,TS_Pancreas,30000000
20,4,7.760998273920944e-05,17,TS_Pancreas,40000000
20,5,0.0037091193048091773,11,TS_Pancreas,50000000
20,6,-0.04838960286339966,11,TS_Pancreas,60000000
21,1,0.0033123983214704313,8,TS_Pancreas,10000000
21,2,-0.003361915338566969,6,TS_Pancreas,20000000
21,3,-0.0006453153786949062,17,TS_Pancreas,30000000
21,4,-0.0009267453304495609,14,TS_Pancreas,40000000
22,1,-3.974797152692581e-05,15,TS_Pancreas,10000000
22,2,0.0017653376445091703,32,TS_Pancreas,20000000
22,3,-0.010052916523749657,22,TS_Pancreas,30000000
22,4,-0.01267242853192573,18,TS_Pancreas,40000000
3,0,-0.004738442652995236,8,TS_Pancreas,0
3,1,0.0009679223630432773,14,TS_Pancreas,10000000
3,2,0.015540179111400055,8,TS_Pancreas,20000000
3,3,-0.003938423330800729,13,TS_Pancreas,30000000
3,4,-0.008104602924064194,23,TS_Pancreas,40000000
3,5,-0.008378388832339066,17,TS_Pancreas,50000000
3,6,0.04249367595806508,8,TS_Pancreas,60000000
3,7,0.012087295338982743,8,TS_Pancreas,70000000
3,8,0.00819539834672998,5,TS_Pancreas,80000000
3,9,0.007126635459502527,7,TS_Pancreas,90000000
3,10,0.006902020324880815,9,TS_Pancreas,100000000
3,11,0.02273694218162066,11,TS_Pancreas,110000000
3,12,0.0035001498062733434,19,TS_Pancreas,120000000
3,13,0.00646266216802478,14,TS_Pancreas,130000000
3,14,0.017203145098504624,11,TS_Pancreas,140000000
3,15,-0.002439944958466067,12,TS_Pancreas,150000000
3,16,0.00630871827375682,8,TS_Pancreas,160000000
3,17,0.016705421600617568,10,TS_Pancreas,170000000
3,18,0.002287495556022229,17,TS_Pancreas,180000000
3,19,0.013230262079618221,15,TS_Pancreas,190000000
4,0,-0.00033167349954640294,19,TS_Pancreas,0
4,1,0.024245288524894246,7,TS_Pancreas,10000000
4,2,0.0019149722766433521,5,TS_Pancreas,20000000
4,3,-0.0035644701209121116,5,TS_Pancreas,30000000
4,4,0.005662393045014719,9,TS_Pancreas,40000000
4,5,0.004618269189301289,8,TS_Pancreas,50000000
4,6,0.00029537407095764514,7,TS_Pancreas,60000000
4,7,0.00835596504948196,12,TS_Pancreas,70000000
4,8,0.02781455088603757,11,TS_Pancreas,80000000
4,9,0.01062624896179755,6,TS_Pancreas,90000000
4,10,-0.004747718986588034,10,TS_Pancreas,100000000
4,11,0.01205660515250118,9,TS_Pancreas,110000000
4,12,0.027274446647245033,7,TS_Pancreas,120000000
4,13,0.013724353836232828,5,TS_Pancreas,130000000
4,14,0.016013771329028433,8,TS_Pancreas,140000000
4,15,0.011808169583708453,10,TS_Pancreas,150000000
4,16,0.0026323907169356,6,TS_Pancreas,160000000
4,17,0.006061801768448272,6,TS_Pancreas,170000000
4,18,0.004087661051753396,9,TS_Pancreas,180000000
5,0,0.016486417552296045,10,TS_Pancreas,0
5,1,0.01053412440473279,9,TS_Pancreas,10000000
5,3,0.026613314380491276,10,TS_Pancreas,30000000
5,4,0.013269814446718056,5,TS_Pancreas,40000000
5,5,0.015420360690516312,9,TS_Pancreas,50000000
5,6,0.009624109557065497,9,TS_Pancreas,60000000
5,7,0.0044382302635047576,13,TS_Pancreas,70000000
5,8,-0.008657207694597966,8,TS_Pancreas,80000000
5,9,0.03353223659694295,8,TS_Pancreas,90000000
5,10,0.013329352784386595,5,TS_Pancreas,100000000
5,11,0.00846940555748735,9,TS_Pancreas,110000000
5,12,0.015302608320923219,7,TS_Pancreas,120000000
5,13,0.0004824094795266861,16,TS_Pancreas,130000000
5,14,-0.004682314801116619,18,TS_Pancreas,140000000
5,15,-0.015768234008875292,11,TS_Pancreas,150000000
5,16,0.007801165109792271,6,TS_Pancreas,160000000
5,17,-0.005265790744913858,16,TS_Pancreas,170000000
6,0,-0.002616765918066336,11,TS_Pancreas,0
6,1,-0.0030153321121709356,10,TS_Pancreas,10000000
6,2,-0.008083307915815326,28,TS_Pancreas,20000000
6,3,-0.057654294905162766,36,TS_Pancreas,30000000
6,4,-0.0031418617780822294,17,TS_Pancreas,40000000
6,5,0.003985224229702087,10,TS_Pancreas,50000000
6,7,6.031800286010508e-05,9,TS_Pancreas,70000000
6,8,0.012779737253330337,9,TS_Pancreas,80000000
6,9,0.013044702655132398,5,TS_Pancreas,90000000
6,10,0.01918380263730778,7,TS_Pancreas,100000000
6,11,0.007730667600215712,10,TS_Pancreas,110000000
6,12,0.020362135391938815,7,TS_Pancreas,120000000
6,13,0.01681316900267267,13,TS_Pancreas,130000000
6,14,0.007848356351822102,8,TS_Pancreas,140000000
6,15,0.02913786128939828,11,TS_Pancreas,150000000
6,16,0.008484621177765144,7,TS_Pancreas,160000000
7,0,-0.003953349086143757,13,TS_Pancreas,0
7,1,0.0012930867843666343,5,TS_Pancreas,10000000
7,2,0.0007436020578015194,13,TS_Pancreas,20000000
7,3,0.0002071906602684962,12,TS_Pancreas,30000000
7,4,-0.007588188334567062,10,TS_Pancreas,40000000
7,5,-0.002109303496179644,10,TS_Pancreas,50000000
7,6,0.005842597471569272,12,TS_Pancreas,60000000
7,7,0.006911202830554003,14,TS_Pancreas,70000000
7,8,0.04969826355166613,5,TS_Pancreas,80000000
7,9,0.02164338458134283,14,TS_Pancreas,90000000
7,10,0.004064831468358886,18,TS_Pancreas,100000000
7,11,0.039463346620325225,6,TS_Pancreas,110000000
7,12,0.009832301257072691,11,TS_Pancreas,120000000
7,13,0.03907124515579748,11,TS_Pancreas,130000000
7,14,-0.0044459841076439225,24,TS_Pancreas,140000000
7,15,-0.006333539927434259,11,TS_Pancreas,150000000
8,0,0.0013187420283115082,14,TS_Pancreas,0
8,1,0.017462650785455735,12,TS_Pancreas,10000000
8,2,0.0054268866967782286,13,TS_Pancreas,20000000
8,3,0.006908047342776602,9,TS_Pancreas,30000000
8,4,0.0032169237097084613,8,TS_Pancreas,40000000
8,5,-0.01641117701963524,8,TS_Pancreas,50000000
8,6,0.005987838972119838,8,TS_Pancreas,60000000
8,7,0.000490800946572147,8,TS_Pancreas,70000000
8,8,-0.0014171772887707312,9,TS_Pancreas,80000000
8,9,-0.002145812655425092,10,TS_Pancreas,90000000
8,10,0.004879752811954886,10,TS_Pancreas,100000000
8,11,0.014355042345298458,5,TS_Pancreas,110000000
8,12,0.010316436783557342,9,TS_Pancreas,120000000
8,13,0.00027135975529287,6,TS_Pancreas,130000000
8,14,-0.003935723872914947,13,TS_Pancreas,140000000
9,0,0.042509158300209036,10,TS_Pancreas,0
9,1,0.012560377750489788,6,TS_Pancreas,10000000
9,2,0.00042117907965449355,9,TS_Pancreas,20000000
9,3,-0.0033129985711962896,21,TS_Pancreas,30000000
9,6,0.0025045128131360047,10,TS_Pancreas,60000000
9,7,0.012083222808557339,8,TS_Pancreas,70000000
9,8,0.004621257348108966,8,TS_Pancreas,80000000
9,9,0.010531076141031421,15,TS_Pancreas,90000000
9,10,0.018315438939375112,10,TS_Pancreas,100000000
9,11,0.03101023484227111,9,TS_Pancreas,110000000
9,12,-0.015447273108380533,19,TS_Pancreas,120000000
9,13,-0.011763367554140557,21,TS_Pancreas,130000000
1,0,-0.01053821292428364,22,TS_Skin,0
1,1,0.010128338360774366,23,TS_Skin,10000000
1,2,-0.02969281350533175,25,TS_Skin,20000000
1,3,0.0030866791843854793,19,TS_Skin,30000000
1,4,-0.012733502824672937,22,TS_Skin,40000000
1,5,-0.001551378603922969,15,TS_Skin,50000000
1,6,0.001938788023645899,11,TS_Skin,60000000
1,7,-0.00098708809936715,8,TS_Skin,70000000
1,8,-0.016467251638998055,9,TS_Skin,80000000
1,9,-0.00748526325577209,12,TS_Skin,90000000
1,10,-0.002910433806542133,11,TS_Skin,100000000
1,11,-0.003517974597125761,18,TS_Skin,110000000
1,14,0.004137518144088486,15,TS_Skin,140000000
1,15,-0.007156196480038875,40,TS_Skin,150000000
1,16,0.0036915974600444526,19,TS_Skin,160000000
1,17,-0.0037710188321881987,13,TS_Skin,170000000
1,18,0.05882495804482511,9,TS_Skin,180000000
1,19,0.02463193932413509,6,TS_Skin,190000000
1,20,0.024465594508483974,21,TS_Skin,200000000
1,21,0.02504027575826774,9,TS_Skin,210000000
1,22,-0.0018048657766959217,18,TS_Skin,220000000
1,23,0.0009370572335901536,11,TS_Skin,230000000
1,24,0.0009726360511186025,16,TS_Skin,240000000
10,0,-0.0046613275351158855,10,TS_Skin,0
10,1,-0.004889924068329345,10,TS_Skin,10000000
10,2,0.026358488376515856,12,TS_Skin,20000000
10,3,0.00013308475628146256,10,TS_Skin,30000000
10,4,0.005231935020526385,16,TS_Skin,40000000
10,5,0.0043755243868658375,5,TS_Skin,50000000
10,6,-0.0022689624286792395,10,TS_Skin,60000000
10,7,-0.010296849821047088,15,TS_Skin,70000000
10,8,0.0005698913553210645,12,TS_Skin,80000000
10,9,0.003393729567644184,14,TS_Skin,90000000
10,10,0.00020627215151063834,14,TS_Skin,100000000
10,11,0.00011568893810717203,12,TS_Skin,110000000
10,12,-0.00686368439001779,8,TS_Skin,120000000
10,13,0.013267978917421494,7,TS_Skin,130000000
11,0,0.002068193616248237,37,TS_Skin,0
11,1,-0.031246868315506188,14,TS_Skin,10000000
11,2,-0.0005711170045998697,6,TS_Skin,20000000
11,3,-0.0054554838946841815,8,TS_Skin,30000000
11,4,0.01528055069927828,14,TS_Skin,40000000
11,5,0.0015965605770790607,23,TS_Skin,50000000
11,6,-0.018199463268831005,40,TS_Skin,60000000
11,7,-0.0024764331188375966,19,TS_Skin,70000000
11,8,0.008059504843403028,10,TS_Skin,80000000
11,9,0.0018968546853352219,8,TS_Skin,90000000
11,10,-0.0007065710303365045,9,TS_Skin,100000000
11,11,-0.013887649506093025,19,TS_Skin,110000000
11,12,-0.013781373151385378,17,TS_Skin,120000000
11,13,-0.0005105435335373018,5,TS_Skin,130000000
12,0,0.009986171916072711,22,TS_Skin,0
12,1,-0.007843591570864835,15,TS_Skin,10000000
12,2,0.010478278110537784,9,TS_Skin,20000000
12,3,0.03197757394488197,6,TS_Skin,30000000
12,4,-0.011427841561302443,15,TS_Skin,40000000
12,5,-0.03207451311355299,31,TS_Skin,50000000
12,6,0.05938922071498106,12,TS_Skin,60000000
12,7,-0.001987231254224119,7,TS_Skin,70000000
12,8,0.0053612977047767275,5,TS_Skin,80000000
12,9,0.018255387519037953,10,TS_Skin,90000000
12,10,-0.002723975979273001,14,TS_Skin,100000000
12,11,-0.023018252362920138,13,TS_Skin,110000000
12,12,-0.014706896191445776,15,TS_Skin,120000000
12,13,0.004371638736871113,6,TS_Skin,130000000
13,1,0.0035220205322056713,8,TS_Skin,10000000
13,2,-0.016024479032879124,16,TS_Skin,20000000
13,3,-0.003393114750062422,10,TS_Skin,30000000
13,4,0.004799455766998403,15,TS_Skin,40000000
13,5,-0.00044906925088146325,9,TS_Skin,50000000
13,6,0.00029616227595153803,5,TS_Skin,60000000
13,7,-0.0027261584994184643,9,TS_Skin,70000000
13,9,0.0025177548817673203,10,TS_Skin,90000000
13,10,-0.0003070380826301695,7,TS_Skin,100000000
13,11,-0.002540494219309491,7,TS_Skin,110000000
14,2,-0.0015527040334990477,33,TS_Skin,20000000
14,3,0.006729492268200294,11,TS_Skin,30000000
14,4,-0.05927295498689819,6,TS_Skin,40000000
14,5,-0.009130715425550306,12,TS_Skin,50000000
14,6,0.009265853784205906,13,TS_Skin,60000000
14,7,0.027529000356796514,14,TS_Skin,70000000
14,8,0.001385230095330578,6,TS_Skin,80000000
14,9,-0.019808022299950646,12,TS_Skin,90000000
14,10,-0.003055853237181175,39,TS_Skin,100000000
15,2,-0.0005195001562223967,24,TS_Skin,20000000
15,3,0.008178732193916084,12,TS_Skin,30000000
15,4,-0.004073105051015277,19,TS_Skin,40000000
15,5,0.023011967049432758,12,TS_Skin,50000000
15,6,-0.013340180708429667,13,TS_Skin,60000000
15,7,-0.0020806264838563373,18,TS_Skin,70000000
15,8,0.0022053930172115177,15,TS_Skin,80000000
15,9,0.030365123716700342,10,TS_Skin,90000000
16,0,-0.022230475579991898,28,TS_Skin,0
16,1,-0.010613775399480541,14,TS_Skin,10000000
16,2,0.0027122824968981666,18,TS_Skin,20000000
16,3,0.016129004183513013,19,TS_Skin,30000000
16,5,-0.020630320073193077,15,TS_Skin,50000000
16,6,-0.002278748275852869,13,TS_Skin,60000000
16,7,-0.0030880989884832927,12,TS_Skin,70000000
16,8,-0.0008948493568513306,15,TS_Skin,80000000
17,0,-0.00525293241632105,30,TS_Skin,0
17,1,-0.00875162852759304,21,TS_Skin,10000000
17,2,0.007375268688665688,15,TS_Skin,20000000
17,3,-0.009586518950113893,21,TS_Skin,30000000
17,4,-0.005121261110689023,39,TS_Skin,40000000
17,5,-4.185911569554642e-05,13,TS_Skin,50000000
17,6,-0.0031222363868631266,17,TS_Skin,60000000
17,7,-0.012375663801413956,19,TS_Skin,70000000
17,8,0.012262337970888567,10,TS_Skin,80000000
18,0,0.00709290833874259,15,TS_Skin,0
18,1,-0.0018879402304490423,7,TS_Skin,10000000
18,2,-0.00351296263670705,7,TS_Skin,20000000
18,3,0.0003812228756900274,7,TS_Skin,30000000
18,4,0.002157845395042261,6,TS_Skin,40000000
18,5,-0.001970917705696202,11,TS_Skin,50000000
18,6,-0.003839561201453782,6,TS_Skin,60000000
18,7,-0.0019579109175129816,5,TS_Skin,70000000
19,0,-0.024790792205276146,36,TS_Skin,0
19,1,-0.015210237019660327,40,TS_Skin,10000000
19,2,0.005350274929618115,13,TS_Skin,20000000
19,3,-0.018530591786079492,26,TS_Skin,30000000
19,4,-0.016873479928126284,42,TS_Skin,40000000
19,5,0.0029335731131815263,45,TS_Skin,50000000
2,0,-0.008776980870918858,7,TS_Skin,0
2,1,-0.0023280977678842543,8,TS_Skin,10000000
2,2,-0.002791915948061807,16,TS_Skin,20000000
2,3,-0.014443231947631092,11,TS_Skin,30000000
2,4,-0.01793943925607852,10,TS_Skin,40000000
2,5,-0.01738804925080922,7,TS_Skin,50000000
2,6,0.040019963038802245,14,TS_Skin,60000000
2,7,-0.0009240156315544687,14,TS_Skin,70000000
2,8,-0.012414999480571955,18,TS_Skin,80000000
2,9,-0.002450052816428299,15,TS_Skin,90000000
2,10,0.07589089024528091,12,TS_Skin,100000000
2,11,0.02291852361832479,12,TS_Skin,110000000
2,12,-0.0006434070675043393,8,TS_Skin,120000000
2,13,0.0015873161960990453,16,TS_Skin,130000000
2,14,0.05183351936183588,6,TS_Skin,140000000
2,15,0.017275538926062727,9,TS_Skin,150000000
2,16,0.020642274364140317,8,TS_Skin,160000000
2,17,-0.002916165782355089,13,TS_Skin,170000000
2,18,-0.005597517108745689,7,TS_Skin,180000000
2,19,-0.01838287477969551,8,TS_Skin,190000000
2,20,-0.005687579674225912,18,TS_Skin,200000000
2,21,-0.005666930936038085,14,TS_Skin,210000000
2,22,0.002837121763004038,8,TS_Skin,220000000
2,23,-0.015645990370647588,16,TS_Skin,230000000
2,24,-0.011004899476632163,5,TS_Skin,240000000
20,0,0.019678101049995494,15,TS_Skin,0
20,1,-0.0018553978093619919,10,TS_Skin,10000000
20,2,-0.0014339641111518924,11,TS_Skin,20000000
20,3,-0.014935709890961161,21,TS_Skin,30000000
20,4,0.004686480488421509,17,TS_Skin,40000000
20,5,0.01753634232680394,11,TS_Skin,50000000
20,6,-0.05564853237841318,11,TS_Skin,60000000
21,1,0.012343581969630122,8,TS_Skin,10000000
21,2,-0.001500299297112875,6,TS_Skin,20000000
21,3,0.013084405116570663,17,TS_Skin,30000000
21,4,0.009082959931670038,14,TS_Skin,40000000
22,1,0.0098396834643755,15,TS_Skin,10000000
22,2,0.0013367985196314934,32,TS_Skin,20000000
22,3,-0.0015694867268482712,22,TS_Skin,30000000
22,4,-0.02866058747124291,18,TS_Skin,40000000
3,0,0.04026762027623709,8,TS_Skin,0
3,1,-0.014980807806048014,14,TS_Skin,10000000
3,2,-0.006095404945137803,8,TS_Skin,20000000
3,3,-0.02049987464010085,13,TS_Skin,30000000
3,4,-0.004089898733662589,23,TS_Skin,40000000
3,5,-0.01941454725536483,17,TS_Skin,50000000
3,6,0.0007586811612351552,8,TS_Skin,60000000
3,7,0.0198818843320522,8,TS_Skin,70000000
3,8,0.0005143228169918633,5,TS_Skin,80000000
3,9,-0.01010590326154034,7,TS_Skin,90000000
3,10,-0.028371346889332207,9,TS_Skin,100000000
3,11,-0.0010575425181731165,11,TS_Skin,110000000
3,12,0.004873468094789648,19,TS_Skin,120000000
3,13,0.0007308005595070996,14,TS_Skin,130000000
3,14,0.002544890087436537,11,TS_Skin,140000000
3,15,0.001896186198832748,12,TS_Skin,150000000
3,16,-0.0018010568642149482,8,TS_Skin,160000000
3,17,0.02540419177391496,10,TS_Skin,170000000
3,18,0.005522021528722007,17,TS_Skin,180000000
3,19,0.02125799983465546,15,TS_Skin,190000000
4,0,0.0032868680642671997,19,TS_Skin,0
4,1,0.004180919167413906,7,TS_Skin,10000000
4,2,-0.004034815701770925,5,TS_Skin,20000000
4,3,-0.014570564078345994,5,TS_Skin,30000000
4,4,-0.0017355036192693305,9,TS_Skin,40000000
4,5,-0.003331012190331922,8,TS_Skin,50000000
4,6,-0.00010994881157764778,7,TS_Skin,60000000
4,7,0.003931923047543681,12,TS_Skin,70000000
4,8,0.002610645189213182,11,TS_Skin,80000000
4,9,-0.0031357658069002155,6,TS_Skin,90000000
4,10,-0.0008365716058335047,10,TS_Skin,100000000
4,11,-0.003556369867718725,9,TS_Skin,110000000
4,12,-0.002332727038612116,7,TS_Skin,120000000
4,13,0.008211849765473036,5,TS_Skin,130000000
4,14,0.0038434587628609724,8,TS_Skin,140000000
4,15,0.01119519840383322,10,TS_Skin,150000000
4,16,0.01190064538329709,6,TS_Skin,160000000
4,17,0.011539993380237088,6,TS_Skin,170000000
4,18,0.018188510941371066,9,TS_Skin,180000000
5,0,0.0015647981608336644,10,TS_Skin,0
5,1,0.015166408986794645,9,TS_Skin,10000000
5,3,-0.02473454038586385,10,TS_Skin,30000000
5,4,-0.013705594451215896,5,TS_Skin,40000000
5,5,0.008338295204924975,9,TS_Skin,50000000
5,6,0.015006427374043032,9,TS_Skin,60000000
5,7,-0.014121056587818669,13,TS_Skin,70000000
5,8,-0.0211808017528698,8,TS_Skin,80000000
5,9,0.04808025133115092,8,TS_Skin,90000000
5,10,0.002393276016415467,5,TS_Skin,100000000
5,11,-0.0050668019734235355,9,TS_Skin,110000000
5,12,0.0026868580374147903,7,TS_Skin,120000000
5,13,-0.014652058425766482,16,TS_Skin,130000000
5,14,0.006935636792484268,18,TS_Skin,140000000
5,15,-0.022929852960389015,11,TS_Skin,150000000
5,16,-0.0019483447108101062,6,TS_Skin,160000000
5,17,0.009137360536884511,16,TS_Skin,170000000
6,0,0.03151904369938052,11,TS_Skin,0
6,1,0.07853662283835863,10,TS_Skin,10000000
6,2,0.003497316832360602,28,TS_Skin,20000000
6,3,-0.0170917829351953,36,TS_Skin,30000000
6,4,-0.0034113712339611515,17,TS_Skin,40000000
6,5,0.00011544738224539507,10,TS_Skin,50000000
6,7,-0.028300665939064083,9,TS_Skin,70000000
6,8,0.016163084963289668,9,TS_Skin,80000000
6,9,0.017783425772718818,5,TS_Skin,90000000
6,10,-0.006485974170832978,7,TS_Skin,100000000
6,11,0.0014860473704937879,10,TS_Skin,110000000
6,12,-0.0024449102677255906,7,TS_Skin,120000000
6,13,-0.0003549404746139214,13,TS_Skin,130000000
6,14,0.02159117979372855,8,TS_Skin,140000000
6,15,-0.0028568254197736463,11,TS_Skin,150000000
6,16,0.03798423554098083,7,TS_Skin,160000000
7,0,-0.008723181450651237,13,TS_Skin,0
7,1,-0.011197891155114322,5,TS_Skin,10000000
7,2,-0.002320969120555583,13,TS_Skin,20000000
7,3,-0.0033365078167810897,12,TS_Skin,30000000
7,4,-0.019667577021806482,10,TS_Skin,40000000
7,5,-0.0011285751686593566,10,TS_Skin,50000000
7,6,0.0027789446433951464,12,TS_Skin,60000000
7,7,0.007821847588310395,14,TS_Skin,70000000
7,8,0.005055858156713724,5,TS_Skin,80000000
7,9,-0.0009922424392880644,14,TS_Skin,90000000
7,10,0.01232739165671573,18,TS_Skin,100000000
7,11,0.042265161003145944,6,TS_Skin,110000000
7,12,-0.000957071422690635,11,TS_Skin,120000000
7,13,-0.00020828069030673737,11,TS_Skin,130000000
7,14,0.00565537266254804,24,TS_Skin,140000000
7,15,-0.0028277201984657336,11,TS_Skin,150000000
8,0,0.0008381130417839631,14,TS_Skin,0
8,1,0.005557444145224869,12,TS_Skin,10000000
8,2,0.013644813748629544,13,TS_Skin,20000000
8,3,0.0006052027561204342,9,TS_Skin,30000000
8,4,0.0003471072613232912,8,TS_Skin,40000000
8,5,0.03664933693976792,8,TS_Skin,50000000
8,6,0.013411892842645247,8,TS_Skin,60000000
8,7,-0.007544503476970388,8,TS_Skin,70000000
8,8,0.0016795248014950324,9,TS_Skin,80000000
8,9,-0.010378947437138792,10,TS_Skin,90000000
8,10,-0.019057174973112243,10,TS_Skin,100000000
8,11,-0.006350067877912864,5,TS_Skin,110000000
8,12,0.0006840588510008226,9,TS_Skin,120000000
8,13,0.06610045230673557,6,TS_Skin,130000000
8,14,0.025031376197496364,13,TS_Skin,140000000
9,0,-0.004913783191710931,10,TS_Skin,0
9,1,-0.03364555704952949,6,TS_Skin,10000000
9,2,0.011334416506631438,9,TS_Skin,20000000
9,3,0.0019068563154256164,21,TS_Skin,30000000
9,6,-0.0010854819469221688,10,TS_Skin,60000000
9,7,-0.0011337693639110382,8,TS_Skin,70000000
9,8,0.008872359665608258,8,TS_Skin,80000000
9,9,0.004882969370849524,15,TS_Skin,90000000
9,10,-0.0015989636216696863,10,TS_Skin,100000000
9,11,-0.0071574888258714026,9,TS_Skin,110000000
9,12,-0.03573649648270745,19,TS_Skin,120000000
9,13,-0.01649998622294699,21,TS_Skin,130000000
1,0,-0.007347117435952838,22,TS_Small_Intestine,0
1,1,-0.001239921050097031,23,TS_Small_Intestine,10000000
1,2,-0.024990383673975738,25,TS_Small_Intestine,20000000
1,3,-0.0005674749406281656,19,TS_Small_Intestine,30000000
1,4,-0.013831488921515263,22,TS_Small_Intestine,40000000
1,5,0.0004293426600134393,15,TS_Small_Intestine,50000000
1,6,0.005862701930913541,11,TS_Small_Intestine,60000000
1,7,0.01256759797441686,8,TS_Small_Intestine,70000000
1,8,-0.000359253160744081,9,TS_Small_Intestine,80000000
1,9,0.005963894407099545,12,TS_Small_Intestine,90000000
1,10,0.003081467150085224,11,TS_Small_Intestine,100000000
1,11,-0.0027415505639935447,18,TS_Small_Intestine,110000000
1,14,-0.0028651393299350446,15,TS_Small_Intestine,140000000
1,15,-0.01713375113467337,40,TS_Small_Intestine,150000000
1,16,-0.004459440524512294,19,TS_Small_Intestine,160000000
1,17,0.005394654032719903,13,TS_Small_Intestine,170000000
1,18,0.01825145199878643,9,TS_Small_Intestine,180000000
1,19,0.0069845219209959605,6,TS_Small_Intestine,190000000
1,20,-0.001657697515037745,21,TS_Small_Intestine,200000000
1,21,0.00485317311562646,9,TS_Small_Intestine,210000000
1,22,0.0017392287455758053,18,TS_Small_Intestine,220000000
1,23,0.005878714648760436,11,TS_Small_Intestine,230000000
1,24,0.01849520205115094,16,TS_Small_Intestine,240000000
10,0,0.015754380970562264,10,TS_Small_Intestine,0
10,1,0.031145634050614674,10,TS_Small_Intestine,10000000
10,2,0.0175512488243897,12,TS_Small_Intestine,20000000
10,3,0.011801746401430186,10,TS_Small_Intestine,30000000
10,4,0.003871248593821381,16,TS_Small_Intestine,40000000
10,5,0.008181663812240681,5,TS_Small_Intestine,50000000
10,6,0.004526014309936206,10,TS_Small_Intestine,60000000
10,7,0.003369651327445746,15,TS_Small_Intestine,70000000
10,8,0.007653366439718614,12,TS_Small_Intestine,80000000
10,9,0.020563971359461832,14,TS_Small_Intestine,90000000
10,10,0.0059964270193514566,14,TS_Small_Intestine,100000000
10,11,0.0023007977123453917,12,TS_Small_Intestine,110000000
10,12,0.007285912175121698,8,TS_Small_Intestine,120000000
10,13,0.013328551349252154,7,TS_Small_Intestine,130000000
11,0,-0.007953547958898072,37,TS_Small_Intestine,0
11,1,-0.009212866795275833,14,TS_Small_Intestine,10000000
11,2,0.006946023838023639,6,TS_Small_Intestine,20000000
11,3,0.009472381542785206,8,TS_Small_Intestine,30000000
11,4,0.003537792699022147,14,TS_Small_Intestine,40000000
11,5,0.001339274127543458,23,TS_Small_Intestine,50000000
11,6,-0.023823369253069417,40,TS_Small_Intestine,60000000
11,7,0.0028856343371384,19,TS_Small_Intestine,70000000
11,8,0.017180418538822444,10,TS_Small_Intestine,80000000
11,9,0.0036250409714292608,8,TS_Small_Intestine,90000000
11,10,0.0058405692071894465,9,TS_Small_Intestine,100000000
11,11,-0.003074892378481877,19,TS_Small_Intestine,110000000
11,12,-0.008489630905313034,17,TS_Small_Intestine,120000000
11,13,-0.0022094440848496617,5,TS_Small_Intestine,130000000
12,0,-0.019011798333738575,22,TS_Small_Intestine,0
12,1,-0.0030627397634350063,15,TS_Small_Intestine,10000000
12,2,0.02274617295108462,9,TS_Small_Intestine,20000000
12,3,0.015232760457958886,6,TS_Small_Intestine,30000000
12,4,-0.0017010890602695437,15,TS_Small_Intestine,40000000
12,5,-0.035154325360605865,31,TS_Small_Intestine,50000000
12,6,0.023816191734673142,12,TS_Small_Intestine,60000000
12,7,0.006363619230913018,7,TS_Small_Intestine,70000000
12,8,0.009694186435111326,5,TS_Small_Intestine,80000000
12,9,0.0022097203002909753,10,TS_Small_Intestine,90000000
12,10,0.009481643652215052,14,TS_Small_Intestine,100000000
12,11,0.0062012658754549334,13,TS_Small_Intestine,110000000
12,12,-0.024288095784572805,15,TS_Small_Intestine,120000000
12,13,-0.0003906678079997109,6,TS_Small_Intestine,130000000
13,1,0.0035578673736250334,8,TS_Small_Intestine,10000000
13,2,-0.004906879402067302,16,TS_Small_Intestine,20000000
13,3,0.020915163916769963,10,TS_Small_Intestine,30000000
13,4,0.0033618181428159135,15,TS_Small_Intestine,40000000
13,5,0.0036495488484188893,9,TS_Small_Intestine,50000000
13,6,5.78271144894332e-05,5,TS_Small_Intestine,60000000
13,7,0.001280368812404196,9,TS_Small_Intestine,70000000
13,9,0.008479285965873367,10,TS_Small_Intestine,90000000
13,10,0.017585068527498377,7,TS_Small_Intestine,100000000
13,11,0.015910898948190245,7,TS_Small_Intestine,110000000
14,2,-0.001306166403445773,33,TS_Small_Intestine,20000000
14,3,-0.00025089439652682026,11,TS_Small_Intestine,30000000
14,4,-0.0379284803206979,6,TS_Small_Intestine,40000000
14,5,0.005789413289767576,12,TS_Small_Intestine,50000000
14,6,0.007667526045413186,13,TS_Small_Intestine,60000000
14,7,0.00468350262331299,14,TS_Small_Intestine,70000000
14,8,0.004312665182148621,6,TS_Small_Intestine,80000000
14,9,0.0032149935702625154,12,TS_Small_Intestine,90000000
14,10,-0.0019211845011912175,39,TS_Small_Intestine,100000000
15,2,0.00111321113909686,24,TS_Small_Intestine,20000000
15,3,0.006800520820672429,12,TS_Small_Intestine,30000000
15,4,-0.010376157733740685,19,TS_Small_Intestine,40000000
15,5,0.018492052297333764,12,TS_Small_Intestine,50000000
15,6,-0.003921538149346648,13,TS_Small_Intestine,60000000
15,7,0.0005674185260369723,18,TS_Small_Intestine,70000000
15,8,0.0029035652705991038,15,TS_Small_Intestine,80000000
15,9,0.003457978006450855,10,TS_Small_Intestine,90000000
16,0,-0.014148935566401412,28,TS_Small_Intestine,0
16,1,-0.0011199348597266752,14,TS_Small_Intestine,10000000
16,2,0.0022044219993881575,18,TS_Small_Intestine,20000000
16,3,-0.0019910504256499643,19,TS_Small_Intestine,30000000
16,5,-0.004665759222710591,15,TS_Small_Intestine,50000000
16,6,-0.003506728746948289,13,TS_Small_Intestine,60000000
16,7,0.0062986561235543375,12,TS_Small_Intestine,70000000
16,8,-0.007428111190922409,15,TS_Small_Intestine,80000000
17,0,-0.012046043389141834,30,TS_Small_Intestine,0
17,1,-0.0018978832038974453,21,TS_Small_Intestine,10000000
17,2,-0.001748250239366173,15,TS_Small_Intestine,20000000
17,3,-0.013854896157541591,21,TS_Small_Intestine,30000000
17,4,-0.007587907439835837,39,TS_Small_Intestine,40000000
17,5,-0.0013477791810138256,13,TS_Small_Intestine,50000000
17,6,0.020360833598234068,17,TS_Small_Intestine,60000000
17,7,-0.017369070162493082,19,TS_Small_Intestine,70000000
17,8,-0.011609564931470497,10,TS_Small_Intestine,80000000
18,0,0.009678379190429607,15,TS_Small_Intestine,0
18,1,0.011316276032681616,7,TS_Small_Intestine,10000000
18,2,0.002143706517721383,7,TS_Small_Intestine,20000000
18,3,0.012147622807152458,7,TS_Small_Intestine,30000000
18,4,0.012524051702976236,6,TS_Small_Intestine,40000000
18,5,0.004110252254471981,11,TS_Small_Intestine,50000000
18,6,0.00230085219364369,6,TS_Small_Intestine,60000000
18,7,0.0030700830692343643,5,TS_Small_Intestine,70000000
19,0,-0.044843725522054755,36,TS_Small_Intestine,0
19,1,-0.029606034958767312,40,TS_Small_Intestine,10000000
19,2,0.0050605297954196375,13,TS_Small_Intestine,20000000
19,3,-0.025086595385510342,26,TS_Small_Intestine,30000000
19,4,-0.03030156453796326,42,TS_Small_Intestine,40000000
19,5,-0.01221537951310286,45,TS_Small_Intestine,50000000
2,0,-0.0028322301086067974,7,TS_Small_Intestine,0
2,1,0.005687023999903036,8,TS_Small_Intestine,10000000
2,2,0.0007983593598601315,16,TS_Small_Intestine,20000000
2,3,0.01841056220839004,11,TS_Small_Intestine,30000000
2,4,-0.0029122252555575374,10,TS_Small_Intestine,40000000
2,5,0.006683816346462872,7,TS_Small_Intestine,50000000
2,6,0.013451692704153017,14,TS_Small_Intestine,60000000
2,7,-0.002935901842249144,14,TS_Small_Intestine,70000000
2,8,-0.010477179417908655,18,TS_Small_Intestine,80000000
2,9,-0.0007632302256184688,15,TS_Small_Intestine,90000000
2,10,0.0038727935638332815,12,TS_Small_Intestine,100000000
2,11,0.002391499039899382,12,TS_Small_Intestine,110000000
2,12,0.00236411710583172,8,TS_Small_Intestine,120000000
2,13,0.0036802354269492117,16,TS_Small_Intestine,130000000
2,14,0.027022215720737597,6,TS_Small_Intestine,140000000
2,15,0.014082783517188363,9,TS_Small_Intestine,150000000
2,16,0.01933231751750542,8,TS_Small_Intestine,160000000
2,17,0.00960489962001988,13,TS_Small_Intestine,170000000
2,18,0.025659638630091512,7,TS_Small_Intestine,180000000
2,19,0.008659193370190872,8,TS_Small_Intestine,190000000
2,20,0.005198936843099387,18,TS_Small_Intestine,200000000
2,21,-0.005375966500904724,14,TS_Small_Intestine,210000000
2,22,0.0018200582812862044,8,TS_Small_Intestine,220000000
2,23,-0.002671760402914807,16,TS_Small_Intestine,230000000
2,24,0.0001990653292267155,5,TS_Small_Intestine,240000000
20,0,0.00847521826749243,15,TS_Small_Intestine,0
20,1,0.004396150232739851,10,TS_Small_Intestine,10000000
20,2,-0.00024431891443891385,11,TS_Small_Intestine,20000000
20,3,-0.002632009721918408,21,TS_Small_Intestine,30000000
20,4,7.371976254144244e-05,17,TS_Small_Intestine,40000000
20,5,0.0009371254816726943,11,TS_Small_Intestine,50000000
20,6,-0.03997158612470761,11,TS_Small_Intestine,60000000
21,1,0.005234738605188799,8,TS_Small_Intestine,10000000
21,2,0.006307186961672095,6,TS_Small_Intestine,20000000
21,3,0.010688953967503651,17,TS_Small_Intestine,30000000
21,4,-0.00628939940135933,14,TS_Small_Intestine,40000000
22,1,0.0017866786143096898,15,TS_Small_Intestine,10000000
22,2,0.0007645941520068999,32,TS_Small_Intestine,20000000
22,3,-0.010535032623145257,22,TS_Small_Intestine,30000000
22,4,-0.013489628347523217,18,TS_Small_Intestine,40000000
3,0,0.0038764469594668926,8,TS_Small_Intestine,0
3,1,0.004353301863058095,14,TS_Small_Intestine,10000000
3,2,0.011671592411653818,8,TS_Small_Intestine,20000000
3,3,0.0036092057968620367,13,TS_Small_Intestine,30000000
3,4,-0.005113820610885041,23,TS_Small_Intestine,40000000
3,5,-0.006285986978840621,17,TS_Small_Intestine,50000000
3,6,0.023288065506196207,8,TS_Small_Intestine,60000000
3,7,0.008782635627619311,8,TS_Small_Intestine,70000000
3,8,0.006054235814487923,5,TS_Small_Intestine,80000000
3,9,0.006585136141562752,7,TS_Small_Intestine,90000000
3,10,-0.007644768642016433,9,TS_Small_Intestine,100000000
3,11,0.00660252071870333,11,TS_Small_Intestine,110000000
3,12,0.010939963622225598,19,TS_Small_Intestine,120000000
3,13,0.009338174995875527,14,TS_Small_Intestine,130000000
3,14,0.011355868539205354,11,TS_Small_Intestine,140000000
3,15,0.0012905994669079191,12,TS_Small_Intestine,150000000
3,16,0.00628362740349833,8,TS_Small_Intestine,160000000
3,17,0.011207151589258914,10,TS_Small_Intestine,170000000
3,18,0.0017734346903327943,17,TS_Small_Intestine,180000000
3,19,0.01628543256962071,15,TS_Small_Intestine,190000000
4,0,0.0028418903436476066,19,TS_Small_Intestine,0
4,1,0.018761518582003308,7,TS_Small_Intestine,10000000
4,2,0.005650918669673609,5,TS_Small_Intestine,20000000
4,3,0.0011637493450424267,5,TS_Small_Intestine,30000000
4,4,0.004940575141911733,9,TS_Small_Intestine,40000000
4,5,0.003233624434300685,8,TS_Small_Intestine,50000000
4,6,0.0015387609258980868,7,TS_Small_Intestine,60000000
4,7,0.0026310130226574403,12,TS_Small_Intestine,70000000
4,8,0.015025574694657096,11,TS_Small_Intestine,80000000
4,9,0.009740560871734348,6,TS_Small_Intestine,90000000
4,10,-0.0030221288498592834,10,TS_Small_Intestine,100000000
4,11,0.0026486205099945427,9,TS_Small_Intestine,110000000
4,12,0.011315567801127916,7,TS_Small_Intestine,120000000
4,13,0.009723591750221122,5,TS_Small_Intestine,130000000
4,14,0.02381395993222739,8,TS_Small_Intestine,140000000
4,15,0.0012736673771561846,10,TS_Small_Intestine,150000000
4,16,0.019669815296342937,6,TS_Small_Intestine,160000000
4,17,0.016312184146982375,6,TS_Small_Intestine,170000000
4,18,0.009581301005995604,9,TS_Small_Intestine,180000000
5,0,0.0073127668834863544,10,TS_Small_Intestine,0
5,1,0.004847443201215201,9,TS_Small_Intestine,10000000
5,3,-0.003622465342028222,10,TS_Small_Intestine,30000000
5,4,-0.01331879001084422,5,TS_Small_Intestine,40000000
5,5,0.012522362310781361,9,TS_Small_Intestine,50000000
5,6,0.010274556984581565,9,TS_Small_Intestine,60000000
5,7,0.013174969889955868,13,TS_Small_Intestine,70000000
5,8,0.00035778806322771944,8,TS_Small_Intestine,80000000
5,9,0.03060576071458952,8,TS_Small_Intestine,90000000
5,10,0.022584637012666622,5,TS_Small_Intestine,100000000
5,11,0.023263592858122756,9,TS_Small_Intestine,110000000
5,12,0.01066022676522439,7,TS_Small_Intestine,120000000
5,13,-0.007930270117614182,16,TS_Small_Intestine,130000000
5,14,-0.0010361413322904764,18,TS_Small_Intestine,140000000
5,15,-0.011503495603465181,11,TS_Small_Intestine,150000000
5,16,0.002753397060119497,6,TS_Small_Intestine,160000000
5,17,0.00018796863749689365,16,TS_Small_Intestine,170000000
6,0,0.006521081665595053,11,TS_Small_Intestine,0
6,1,0.020818391580641714,10,TS_Small_Intestine,10000000
6,2,-0.010383329081000326,28,TS_Small_Intestine,20000000
6,3,-0.030164824877953213,36,TS_Small_Intestine,30000000
6,4,-0.003652744821000222,17,TS_Small_Intestine,40000000
6,5,0.002609265967399309,10,TS_Small_Intestine,50000000
6,7,-0.006272650215827812,9,TS_Small_Intestine,70000000
6,8,0.005479980959171958,9,TS_Small_Intestine,80000000
6,9,0.0041919156243926,5,TS_Small_Intestine,90000000
6,10,0.006335335502568519,7,TS_Small_Intestine,100000000
6,11,0.007780272566336954,10,TS_Small_Intestine,110000000
6,12,0.0109337723627696,7,TS_Small_Intestine,120000000
6,13,0.005041199895310661,13,TS_Small_Intestine,130000000
6,14,0.01939709513304055,8,TS_Small_Intestine,140000000
6,15,0.026341300584792574,11,TS_Small_Intestine,150000000
6,16,0.01888168922113614,7,TS_Small_Intestine,160000000
7,0,0.0013182234099377783,13,TS_Small_Intestine,0
7,1,-0.007235839868050721,5,TS_Small_Intestine,10000000
7,2,0.00449279595675458,13,TS_Small_Intestine,20000000
7,3,0.008991932676644393,12,TS_Small_Intestine,30000000
7,4,-0.0037602524226575686,10,TS_Small_Intestine,40000000
7,5,-0.0012952121277479897,10,TS_Small_Intestine,50000000
7,6,0.008051837192913988,12,TS_Small_Intestine,60000000
7,7,0.004592074856960735,14,TS_Small_Intestine,70000000
7,8,0.020158088203881756,5,TS_Small_Intestine,80000000
7,9,-0.0011473211032746128,14,TS_Small_Intestine,90000000
7,10,-0.0012010523120569345,18,TS_Small_Intestine,100000000
7,11,0.042129581681985405,6,TS_Small_Intestine,110000000
7,12,0.006955283241363669,11,TS_Small_Intestine,120000000
7,13,0.020734891509723154,11,TS_Small_Intestine,130000000
7,14,0.0033240570021917924,24,TS_Small_Intestine,140000000
7,15,-0.0009206269563178677,11,TS_Small_Intestine,150000000
8,0,0.002603746939397638,14,TS_Small_Intestine,0
8,1,0.01651577222984455,12,TS_Small_Intestine,10000000
8,2,0.004398778902857482,13,TS_Small_Intestine,20000000
8,3,0.0038293877246569244,9,TS_Small_Intestine,30000000
8,4,0.008375189912506761,8,TS_Small_Intestine,40000000
8,5,-0.0016438283489638582,8,TS_Small_Intestine,50000000
8,6,0.0031137409919196305,8,TS_Small_Intestine,60000000
8,7,0.00012443455597504387,8,TS_Small_Intestine,70000000
8,8,0.003814971819286592,9,TS_Small_Intestine,80000000
8,9,-0.0010899985151175725,10,TS_Small_Intestine,90000000
8,10,-0.01313854987101796,10,TS_Small_Intestine,100000000
8,11,0.010614298732792791,5,TS_Small_Intestine,110000000
8,12,0.005228341500036507,9,TS_Small_Intestine,120000000
8,13,0.012494609633148572,6,TS_Small_Intestine,130000000
8,14,-0.0026970232217612277,13,TS_Small_Intestine,140000000
9,0,0.018686100651026678,10,TS_Small_Intestine,0
9,1,0.0010894463598666417,6,TS_Small_Intestine,10000000
9,2,0.0001123232422128688,9,TS_Small_Intestine,20000000
9,3,-0.0019163967094460463,21,TS_Small_Intestine,30000000
9,6,0.004740887544524669,10,TS_Small_Intestine,60000000
9,7,0.0028518446973484837,8,TS_Small_Intestine,70000000
9,8,0.0071571863413866,8,TS_Small_Intestine,80000000
9,9,0.0090038812927978,15,TS_Small_Intestine,90000000
9,10,0.004924889613064713,10,TS_Small_Intestine,100000000
9,11,0.0016597538008179232,9,TS_Small_Intestine,110000000
9,12,-0.014914246008691807,19,TS_Small_Intestine,120000000
9,13,-0.005832900446334712,21,TS_Small_Intestine,130000000
1,0,-0.002738337047290552,22,TS_Spleen,0
1,1,0.0031703774500796995,23,TS_Spleen,10000000
1,2,-0.026400955378962407,25,TS_Spleen,20000000
1,3,-0.005075672834809932,19,TS_Spleen,30000000
1,4,-0.006456003464517483,22,TS_Spleen,40000000
1,5,0.012648221436780805,15,TS_Spleen,50000000
1,6,0.01618527159761994,11,TS_Spleen,60000000
1,7,0.02367451335410698,8,TS_Spleen,70000000
1,8,0.012088270347263102,9,TS_Spleen,80000000
1,9,0.011961375919575565,12,TS_Spleen,90000000
1,10,0.007642513882150359,11,TS_Spleen,100000000
1,11,-0.0007305868814497949,18,TS_Spleen,110000000
1,14,-0.004583601585213645,15,TS_Spleen,140000000
1,15,-0.026153698471995897,40,TS_Spleen,150000000
1,16,-0.020855605559530793,19,TS_Spleen,160000000
1,17,0.002391018704390837,13,TS_Spleen,170000000
1,18,0.0003448470515733663,9,TS_Spleen,180000000
1,19,-0.004297658571146141,6,TS_Spleen,190000000
1,20,-0.0022297053516711737,21,TS_Spleen,200000000
1,21,0.007213365630462279,9,TS_Spleen,210000000
1,22,0.004066287756901267,18,TS_Spleen,220000000
1,23,7.591888664127384e-06,11,TS_Spleen,230000000
1,24,0.012171582127173343,16,TS_Spleen,240000000
10,0,0.00437075837286483,10,TS_Spleen,0
10,1,0.020307430690817654,10,TS_Spleen,10000000
10,2,0.018070560581252865,12,TS_Spleen,20000000
10,3,0.018865366672141833,10,TS_Spleen,30000000
10,4,-0.001480180027740773,16,TS_Spleen,40000000
10,5,0.012248412225972194,5,TS_Spleen,50000000
10,6,0.01372596439871127,10,TS_Spleen,60000000
10,7,-0.005422407440311867,15,TS_Spleen,70000000
10,8,-0.0005460791089676422,12,TS_Spleen,80000000
10,9,0.014702749458435988,14,TS_Spleen,90000000
10,10,0.004206996223260738,14,TS_Spleen,100000000
10,11,0.007907224523554659,12,TS_Spleen,110000000
10,12,0.004637031587198224,8,TS_Spleen,120000000
10,13,0.004518571206175849,7,TS_Spleen,130000000
11,0,-0.008622160077078748,37,TS_Spleen,0
11,1,-0.0021706424254860504,14,TS_Spleen,10000000
11,2,0.01626796422113647,6,TS_Spleen,20000000
11,3,0.008376839201019375,8,TS_Spleen,30000000
11,4,0.0021612059229865334,14,TS_Spleen,40000000
11,5,-0.0026714762990183378,23,TS_Spleen,50000000
11,6,-0.027868977403923346,40,TS_Spleen,60000000
11,7,-0.004198014340593315,19,TS_Spleen,70000000
11,8,0.010431633602505496,10,TS_Spleen,80000000
11,9,0.005706411209580477,8,TS_Spleen,90000000
11,10,0.01180298653526637,9,TS_Spleen,100000000
11,11,-0.007402094641835812,19,TS_Spleen,110000000
11,12,-0.00451910172038352,17,TS_Spleen,120000000
11,13,0.010001335925550487,5,TS_Spleen,130000000
12,0,-0.019460626372887188,22,TS_Spleen,0
12,1,0.009343323897730415,15,TS_Spleen,10000000
12,2,0.01603729134535787,9,TS_Spleen,20000000
12,3,0.013002684163752097,6,TS_Spleen,30000000
12,4,0.0021028968252541414,15,TS_Spleen,40000000
12,5,-0.029865775027108358,31,TS_Spleen,50000000
12,6,0.00769755013462274,12,TS_Spleen,60000000
12,7,0.01676351478875237,7,TS_Spleen,70000000
12,8,0.00915548939282579,5,TS_Spleen,80000000
12,9,0.008209340160628716,10,TS_Spleen,90000000
12,10,0.0070063415325302735,14,TS_Spleen,100000000
12,11,-0.010512395534812407,13,TS_Spleen,110000000
12,12,-0.010493215820065953,15,TS_Spleen,120000000
12,13,0.0019126837181303316,6,TS_Spleen,130000000
13,1,0.006458875923002748,8,TS_Spleen,10000000
13,2,-0.006110735360089367,16,TS_Spleen,20000000
13,3,0.02315062519940956,10,TS_Spleen,30000000
13,4,-0.004278448066518895,15,TS_Spleen,40000000
13,5,0.010040193026582172,9,TS_Spleen,50000000
13,6,0.0011893519396278557,5,TS_Spleen,60000000
13,7,0.0048145948158508575,9,TS_Spleen,70000000
13,9,0.005007985752593132,10,TS_Spleen,90000000
13,10,0.008686192439592911,7,TS_Spleen,100000000
13,11,0.008433960990729792,7,TS_Spleen,110000000
14,2,-0.0024230340368305864,33,TS_Spleen,20000000
14,3,0.016955778034037236,11,TS_Spleen,30000000
14,4,-0.034742396823266485,6,TS_Spleen,40000000
14,5,0.012005098590063254,12,TS_Spleen,50000000
14,6,0.022667043528074058,13,TS_Spleen,60000000
14,7,0.004781540978425871,14,TS_Spleen,70000000
14,8,0.012757778721329755,6,TS_Spleen,80000000
14,9,-0.0003790360486911094,12,TS_Spleen,90000000
14,10,-0.0005199155403055428,39,TS_Spleen,100000000
15,2,0.0021641646129889258,24,TS_Spleen,20000000
15,3,0.004557057573070597,12,TS_Spleen,30000000
15,4,-0.0036950976639710605,19,TS_Spleen,40000000
15,5,0.01066726172410109,12,TS_Spleen,50000000
15,6,0.008356771307721693,13,TS_Spleen,60000000
15,7,0.004016352140256558,18,TS_Spleen,70000000
15,8,-0.0014458931880973376,15,TS_Spleen,80000000
15,9,-0.0023183939173203327,10,TS_Spleen,90000000
16,0,-0.00868884911724249,28,TS_Spleen,0
16,1,-0.0002698416918302634,14,TS_Spleen,10000000
16,2,0.0016209471625043246,18,TS_Spleen,20000000
16,3,-0.009446672756570127,19,TS_Spleen,30000000
16,5,0.00022532322951918625,15,TS_Spleen,50000000
16,6,0.0036253686819931953,13,TS_Spleen,60000000
16,7,0.01709923359636004,12,TS_Spleen,70000000
16,8,-0.012215302069758177,15,TS_Spleen,80000000
17,0,-0.013332684680974326,30,TS_Spleen,0
17,1,-8.968185837149656e-05,21,TS_Spleen,10000000
17,2,-0.0001990205233780017,15,TS_Spleen,20000000
17,3,-0.017156202102941293,21,TS_Spleen,30000000
17,4,-0.0015438325859734334,39,TS_Spleen,40000000
17,5,0.002854543360522232,13,TS_Spleen,50000000
17,6,0.011546880084625968,17,TS_Spleen,60000000
17,7,-0.016479553477151306,19,TS_Spleen,70000000
17,8,-0.004168724242084037,10,TS_Spleen,80000000
18,0,0.0019685717714946573,15,TS_Spleen,0
18,1,0.009022658084458337,7,TS_Spleen,10000000
18,2,0.02350385517670776,7,TS_Spleen,20000000
18,3,0.02959385532540375,7,TS_Spleen,30000000
18,4,0.024386024964142255,6,TS_Spleen,40000000
18,5,0.006288396215494543,11,TS_Spleen,50000000
18,6,0.004914153386366009,6,TS_Spleen,60000000
18,7,0.012656140209616038,5,TS_Spleen,70000000
19,0,-0.03948825334973665,36,TS_Spleen,0
19,1,-0.02905141792251652,40,TS_Spleen,10000000
19,2,0.002565120307138471,13,TS_Spleen,20000000
19,3,-0.019712800974745894,26,TS_Spleen,30000000
19,4,-0.029523705353683014,42,TS_Spleen,40000000
19,5,-0.012895299425742062,45,TS_Spleen,50000000
2,0,-0.005360584829300901,7,TS_Spleen,0
2,1,0.0022788410425300756,8,TS_Spleen,10000000
2,2,0.0068535226253894875,16,TS_Spleen,20000000
2,3,0.02556121846380764,11,TS_Spleen,30000000
2,4,0.008596058127332658,10,TS_Spleen,40000000
2,5,0.0018927009250469984,7,TS_Spleen,50000000
2,6,-0.001081023654893033,14,TS_Spleen,60000000
2,7,-0.0005223582124640882,14,TS_Spleen,70000000
2,8,-0.01356554427143359,18,TS_Spleen,80000000
2,9,-0.002280323711352115,15,TS_Spleen,90000000
2,10,-0.0026882720308368598,12,TS_Spleen,100000000
2,11,-0.0017865564652125882,12,TS_Spleen,110000000
2,12,0.001849565347468316,8,TS_Spleen,120000000
2,13,0.002130862484020165,16,TS_Spleen,130000000
2,14,-0.00282746286411013,6,TS_Spleen,140000000
2,15,0.008015380756717323,9,TS_Spleen,150000000
2,16,0.020211592743887476,8,TS_Spleen,160000000
2,17,0.009939620322053736,13,TS_Spleen,170000000
2,18,0.021152456826236534,7,TS_Spleen,180000000
2,19,0.03244008902681794,8,TS_Spleen,190000000
2,20,0.011913750723162383,18,TS_Spleen,200000000
2,21,-0.007030378759905083,14,TS_Spleen,210000000
2,22,0.003837313130438034,8,TS_Spleen,220000000
2,23,-0.0013772990388308522,16,TS_Spleen,230000000
2,24,0.003140777157621545,5,TS_Spleen,240000000
20,0,0.0026654281868266753,15,TS_Spleen,0
20,1,0.0031831155506842367,10,TS_Spleen,10000000
20,2,-0.0018317777013440119,11,TS_Spleen,20000000
20,3,0.0008074962136808653,21,TS_Spleen,30000000
20,4,0.0003676454003162338,17,TS_Spleen,40000000
20,5,-0.003558659991997781,11,TS_Spleen,50000000
20,6,-0.023924246601227737,11,TS_Spleen,60000000
21,1,0.008347862535085716,8,TS_Spleen,10000000
21,2,0.017942261843702782,6,TS_Spleen,20000000
21,3,0.008323226656530618,17,TS_Spleen,30000000
21,4,0.008932869267541025,14,TS_Spleen,40000000
22,1,-0.00014204113731315892,15,TS_Spleen,10000000
22,2,-0.0011519363981824513,32,TS_Spleen,20000000
22,3,-0.005117492710920358,22,TS_Spleen,30000000
22,4,-0.01080583629665868,18,TS_Spleen,40000000
3,0,-0.005910667726738175,8,TS_Spleen,0
3,1,0.006812106126733151,14,TS_Spleen,10000000
3,2,0.005525776844088831,8,TS_Spleen,20000000
3,3,-0.001808503258325292,13,TS_Spleen,30000000
3,4,0.0005096634930439552,23,TS_Spleen,40000000
3,5,-0.0005121373021113207,17,TS_Spleen,50000000
3,6,0.038586081545860844,8,TS_Spleen,60000000
3,7,0.01718992305667978,8,TS_Spleen,70000000
3,8,0.014245612199748759,5,TS_Spleen,80000000
3,9,0.006583084132077346,7,TS_Spleen,90000000
3,10,0.0010002512697754168,9,TS_Spleen,100000000
3,11,0.007697474496988729,11,TS_Spleen,110000000
3,12,0.003486881285017907,19,TS_Spleen,120000000
3,13,0.0070577720262201184,14,TS_Spleen,130000000
3,14,0.01428580201787178,11,TS_Spleen,140000000
3,15,0.0049377057684336515,12,TS_Spleen,150000000
3,16,0.00671106429990723,8,TS_Spleen,160000000
3,17,0.008424091799626516,10,TS_Spleen,170000000
3,18,0.005698668988756058,17,TS_Spleen,180000000
3,19,0.010663362322277709,15,TS_Spleen,190000000
4,0,0.0022397736010787207,19,TS_Spleen,0
4,1,0.03473636738672216,7,TS_Spleen,10000000
4,2,0.019078090822487834,5,TS_Spleen,20000000
4,3,0.013926514441095255,5,TS_Spleen,30000000
4,4,0.008194256242230911,9,TS_Spleen,40000000
4,5,0.003543902796968866,8,TS_Spleen,50000000
4,6,0.0026918632121452186,7,TS_Spleen,60000000
4,7,-0.001590665374273178,12,TS_Spleen,70000000
4,8,0.014393575964819693,11,TS_Spleen,80000000
4,9,0.012184386537429646,6,TS_Spleen,90000000
4,10,-0.010436940411290348,10,TS_Spleen,100000000
4,11,0.0013615419801072878,9,TS_Spleen,110000000
4,12,0.010533234002386318,7,TS_Spleen,120000000
4,13,0.005440107184409805,5,TS_Spleen,130000000
4,14,0.015574224646045031,8,TS_Spleen,140000000
4,15,0.0051628834846897086,10,TS_Spleen,150000000
4,16,0.00029583500163533216,6,TS_Spleen,160000000
4,17,0.006445207201004767,6,TS_Spleen,170000000
4,18,0.015153006790951872,9,TS_Spleen,180000000
5,0,0.017051989876194284,10,TS_Spleen,0
5,1,0.007855286148412749,9,TS_Spleen,10000000
5,3,0.01314136529048598,10,TS_Spleen,30000000
5,4,0.018786982491948982,5,TS_Spleen,40000000
5,5,0.02375714141955527,9,TS_Spleen,50000000
5,6,0.011376837481109587,9,TS_Spleen,60000000
5,7,0.00863169360902238,13,TS_Spleen,70000000
5,8,-0.00969817663706696,8,TS_Spleen,80000000
5,9,0.0018417426594964366,8,TS_Spleen,90000000
5,10,0.02177018516068242,5,TS_Spleen,100000000
5,11,0.022079563970240777,9,TS_Spleen,110000000
5,12,0.009739895090039785,7,TS_Spleen,120000000
5,13,-0.0018656516102051914,16,TS_Spleen,130000000
5,14,-0.000912483979792413,18,TS_Spleen,140000000
5,15,-0.01596388083609719,11,TS_Spleen,150000000
5,16,0.009448252861598385,6,TS_Spleen,160000000
5,17,-0.020512685248157265,16,TS_Spleen,170000000
6,0,-4.357440931031179e-05,11,TS_Spleen,0
6,1,-0.004698948794008957,10,TS_Spleen,10000000
6,2,-0.014724992592993705,28,TS_Spleen,20000000
6,3,-0.05265932491725008,36,TS_Spleen,30000000
6,4,-0.0022659283812301377,17,TS_Spleen,40000000
6,5,0.00364114302962837,10,TS_Spleen,50000000
6,7,-0.00576937518481357,9,TS_Spleen,70000000
6,8,0.0020832878546529717,9,TS_Spleen,80000000
6,9,0.008623272053344715,5,TS_Spleen,90000000
6,10,0.013308718724528655,7,TS_Spleen,100000000
6,11,0.006190398323729596,10,TS_Spleen,110000000
6,12,0.007111814735046673,7,TS_Spleen,120000000
6,13,0.0008456581955319074,13,TS_Spleen,130000000
6,14,0.00607626277813777,8,TS_Spleen,140000000
6,15,0.04353917263573233,11,TS_Spleen,150000000
6,16,0.021305526605151028,7,TS_Spleen,160000000
7,0,0.0006283223904637745,13,TS_Spleen,0
7,1,0.004684702865708543,5,TS_Spleen,10000000
7,2,-0.0012235982698510254,13,TS_Spleen,20000000
7,3,0.007207663819431476,12,TS_Spleen,30000000
7,4,-0.005747500848319347,10,TS_Spleen,40000000
7,5,-0.0030036395373945605,10,TS_Spleen,50000000
7,6,0.006957923581966608,12,TS_Spleen,60000000
7,7,0.009347514708822986,14,TS_Spleen,70000000
7,8,0.04587330219200464,5,TS_Spleen,80000000
7,9,0.010213553333462183,14,TS_Spleen,90000000
7,10,0.00482118842107853,18,TS_Spleen,100000000
7,11,0.021202176665574352,6,TS_Spleen,110000000
7,12,0.016974797164301954,11,TS_Spleen,120000000
7,13,0.027194964795991705,11,TS_Spleen,130000000
7,14,-0.002719003327870483,24,TS_Spleen,140000000
7,15,-0.0019423827654670755,11,TS_Spleen,150000000
8,0,0.0007810736959052964,14,TS_Spleen,0
8,1,0.011986343975279914,12,TS_Spleen,10000000
8,2,0.008247891605031898,13,TS_Spleen,20000000
8,3,0.011349203573708713,9,TS_Spleen,30000000
8,4,0.013926595577500058,8,TS_Spleen,40000000
8,5,-0.005816323031263603,8,TS_Spleen,50000000
8,6,0.008756256391959873,8,TS_Spleen,60000000
8,7,0.0009125207672084708,8,TS_Spleen,70000000
8,8,0.003198954483686139,9,TS_Spleen,80000000
8,9,-0.0050993161824162804,10,TS_Spleen,90000000
8,10,-0.008516865643065096,10,TS_Spleen,100000000
8,11,0.008050246165797475,5,TS_Spleen,110000000
8,12,0.011601418045391934,9,TS_Spleen,120000000
8,13,0.0207737037709737,6,TS_Spleen,130000000
8,14,0.0015372618094590088,13,TS_Spleen,140000000
9,0,0.014242618024416898,10,TS_Spleen,0
9,1,-0.0055949177841582995,6,TS_Spleen,10000000
9,2,0.0012092108432400553,9,TS_Spleen,20000000
9,3,-0.0008792482685970841,21,TS_Spleen,30000000
9,6,-0.0002932077565676185,10,TS_Spleen,60000000
9,7,0.008174031387534864,8,TS_Spleen,70000000
9,8,0.003012964000194865,8,TS_Spleen,80000000
9,9,0.0033488054634664096,15,TS_Spleen,90000000
9,10,0.0025116543844454853,10,TS_Spleen,100000000
9,11,0.007973746627129762,9,TS_Spleen,110000000
9,12,-0.004153756077890741,19,TS_Spleen,120000000
9,13,-0.0051726778475080755,21,TS_Spleen,130000000
1,0,-0.004507769499575054,22,TS_Stomach,0
1,1,0.006588809291572672,23,TS_Stomach,10000000
1,2,-0.024521217773722636,25,TS_Stomach,20000000
1,3,0.006449728888240859,19,TS_Stomach,30000000
1,4,-0.009155514811763051,22,TS_Stomach,40000000
1,5,0.0028938601820171347,15,TS_Stomach,50000000
1,6,0.0033972498118863105,11,TS_Stomach,60000000
1,7,0.0045022076165305526,8,TS_Stomach,70000000
1,8,-0.002313798020220319,9,TS_Stomach,80000000
1,9,-0.007069098210172557,12,TS_Stomach,90000000
1,10,0.0011935710221867774,11,TS_Stomach,100000000
1,11,0.0006516421807581023,18,TS_Stomach,110000000
1,14,-0.0035612389825592896,15,TS_Stomach,140000000
1,15,-0.00808725921614994,40,TS_Stomach,150000000
1,16,-0.005344330165160505,19,TS_Stomach,160000000
1,17,0.00045762549609707057,13,TS_Stomach,170000000
1,18,0.0413899678501629,9,TS_Stomach,180000000
1,19,0.036303929534716006,6,TS_Stomach,190000000
1,20,0.014830729883305955,21,TS_Stomach,200000000
1,21,0.028385343084755026,9,TS_Stomach,210000000
1,22,0.0035900329922108017,18,TS_Stomach,220000000
1,23,0.0051311574005419545,11,TS_Stomach,230000000
1,24,0.002955819450872113,16,TS_Stomach,240000000
10,0,0.007267398320047877,10,TS_Stomach,0
10,1,0.009451395267689264,10,TS_Stomach,10000000
10,2,0.027317988606152463,12,TS_Stomach,20000000
10,3,0.008070761978205845,10,TS_Stomach,30000000
10,4,0.00107951257049929,16,TS_Stomach,40000000
10,5,0.0032516244285185902,5,TS_Stomach,50000000
10,6,0.008289024173874796,10,TS_Stomach,60000000
10,7,-0.0063505393539878855,15,TS_Stomach,70000000
10,8,0.002191844961167574,12,TS_Stomach,80000000
10,9,0.012173283372492861,14,TS_Stomach,90000000
10,10,0.0015261423298700502,14,TS_Stomach,100000000
10,11,0.013068797541609172,12,TS_Stomach,110000000
10,12,0.0013676558342868806,8,TS_Stomach,120000000
10,13,0.009736305424409258,7,TS_Stomach,130000000
11,0,-0.003809388116162888,37,TS_Stomach,0
11,1,-0.007561114062242706,14,TS_Stomach,10000000
11,2,0.0014131055554187633,6,TS_Stomach,20000000
11,3,-0.0011116285809477746,8,TS_Stomach,30000000
11,4,0.008020948309289407,14,TS_Stomach,40000000
11,5,-0.0009231511931389152,23,TS_Stomach,50000000
11,6,-0.015147929636884622,40,TS_Stomach,60000000
11,7,-0.001626717222700576,19,TS_Stomach,70000000
11,8,0.008264451219516961,10,TS_Stomach,80000000
11,9,1.2993562931986997e-05,8,TS_Stomach,90000000
11,10,-0.0013314137205184655,9,TS_Stomach,100000000
11,11,-0.009247087873749912,19,TS_Stomach,110000000
11,12,-0.007880187954882897,17,TS_Stomach,120000000
11,13,0.001488521801022639,5,TS_Stomach,130000000
12,0,-0.015978582482306578,22,TS_Stomach,0
12,1,-0.003191765412074833,15,TS_Stomach,10000000
12,2,0.020801281078088558,9,TS_Stomach,20000000
12,3,0.026396018798333833,6,TS_Stomach,30000000
12,4,-0.0039007079030491726,15,TS_Stomach,40000000
12,5,-0.028258075004643314,31,TS_Stomach,50000000
12,6,0.026143719291769316,12,TS_Stomach,60000000
12,7,0.009443426840797282,7,TS_Stomach,70000000
12,8,0.007458240232091523,5,TS_Stomach,80000000
12,9,-0.0005537238957516309,10,TS_Stomach,90000000
12,10,-0.0024254583338412733,14,TS_Stomach,100000000
12,11,-0.015357988509564824,13,TS_Stomach,110000000
12,12,-0.011066769466921542,15,TS_Stomach,120000000
12,13,0.0021113257590365305,6,TS_Stomach,130000000
13,1,0.0007493626356227313,8,TS_Stomach,10000000
13,2,-0.004490854396942366,16,TS_Stomach,20000000
13,3,0.0013104978156980784,10,TS_Stomach,30000000
13,4,0.011536293788586763,15,TS_Stomach,40000000
13,5,0.002305437922502837,9,TS_Stomach,50000000
13,6,-5.631361878408949e-05,5,TS_Stomach,60000000
13,7,-0.004719804926683234,9,TS_Stomach,70000000
13,9,0.0032257633330762025,10,TS_Stomach,90000000
13,10,0.0064123652386395835,7,TS_Stomach,100000000
13,11,0.019099885391852676,7,TS_Stomach,110000000
14,2,-0.0029889441442698117,33,TS_Stomach,20000000
14,3,0.007071257683264992,11,TS_Stomach,30000000
14,4,-0.030206219279682898,6,TS_Stomach,40000000
14,5,0.010014917821633685,12,TS_Stomach,50000000
14,6,0.009098229359872588,13,TS_Stomach,60000000
14,7,0.02245626487267225,14,TS_Stomach,70000000
14,8,0.0030015597774595403,6,TS_Stomach,80000000
14,9,-0.011655315328536238,12,TS_Stomach,90000000
14,10,-0.002430767663736347,39,TS_Stomach,100000000
15,2,0.00036249508862474226,24,TS_Stomach,20000000
15,3,-0.00023247468841625587,12,TS_Stomach,30000000
15,4,-0.009121691907941758,19,TS_Stomach,40000000
15,5,0.03346094915150592,12,TS_Stomach,50000000
15,6,-0.006090135706695551,13,TS_Stomach,60000000
15,7,-0.0012857244717346759,18,TS_Stomach,70000000
15,8,0.0023414504729411052,15,TS_Stomach,80000000
15,9,0.030013148775875596,10,TS_Stomach,90000000
16,0,-0.014140372758471626,28,TS_Stomach,0
16,1,-0.0043197048753552255,14,TS_Stomach,10000000
16,2,0.004509760061075339,18,TS_Stomach,20000000
16,3,0.0027564250240834313,19,TS_Stomach,30000000
16,5,-0.0005729230575703652,15,TS_Stomach,50000000
16,6,0.001430389554969869,13,TS_Stomach,60000000
16,7,0.006795781064563308,12,TS_Stomach,70000000
16,8,-0.005939751195664772,15,TS_Stomach,80000000
17,0,-0.005340250204666162,30,TS_Stomach,0
17,1,-0.0038338298187988464,21,TS_Stomach,10000000
17,2,0.009335035583976648,15,TS_Stomach,20000000
17,3,-0.01691941969602427,21,TS_Stomach,30000000
17,4,-0.003016954939680016,39,TS_Stomach,40000000
17,5,0.0008120876656905971,13,TS_Stomach,50000000
17,6,0.015009908992533095,17,TS_Stomach,60000000
17,7,-0.007453806338995,19,TS_Stomach,70000000
17,8,0.00021163191672041135,10,TS_Stomach,80000000
18,0,0.002805266343546965,15,TS_Stomach,0
18,1,0.001989018272108387,7,TS_Stomach,10000000
18,2,0.010172492937549802,7,TS_Stomach,20000000
18,3,0.007016989683783754,7,TS_Stomach,30000000
18,4,0.007034639556212155,6,TS_Stomach,40000000
18,5,0.003373390021614783,11,TS_Stomach,50000000
18,6,-0.0011432771387731833,6,TS_Stomach,60000000
18,7,-0.0008021045108923066,5,TS_Stomach,70000000
19,0,-0.03383690851018423,36,TS_Stomach,0
19,1,-0.020653664960604938,40,TS_Stomach,10000000
19,2,0.007530548063838514,13,TS_Stomach,20000000
19,3,-0.018686242009612344,26,TS_Stomach,30000000
19,4,-0.027616537812028292,42,TS_Stomach,40000000
19,5,-0.006289340324147959,45,TS_Stomach,50000000
2,0,-0.002569209524816375,7,TS_Stomach,0
2,1,0.0004503678173330229,8,TS_Stomach,10000000
2,2,0.002787265998643083,16,TS_Stomach,20000000
2,3,0.006211561748603851,11,TS_Stomach,30000000
2,4,-0.004159409296367251,10,TS_Stomach,40000000
2,5,-0.0137481399240091,7,TS_Stomach,50000000
2,6,0.02839408458452685,14,TS_Stomach,60000000
2,7,0.0007793813889317887,14,TS_Stomach,70000000
2,8,-0.016447356634137034,18,TS_Stomach,80000000
2,9,-0.0007633251381997314,15,TS_Stomach,90000000
2,10,0.0468182717087277,12,TS_Stomach,100000000
2,11,0.012843565293768427,12,TS_Stomach,110000000
2,12,0.0016758022860246832,8,TS_Stomach,120000000
2,13,0.002528801847525887,16,TS_Stomach,130000000
2,14,0.025440703203498838,6,TS_Stomach,140000000
2,15,0.014441285801463774,9,TS_Stomach,150000000
2,16,0.022733246949541028,8,TS_Stomach,160000000
2,17,0.003396673456612496,13,TS_Stomach,170000000
2,18,-0.002038763102436349,7,TS_Stomach,180000000
2,19,0.005385482385266213,8,TS_Stomach,190000000
2,20,-0.0016471925573888714,18,TS_Stomach,200000000
2,21,-0.0029781588876738254,14,TS_Stomach,210000000
2,22,0.0002164113474803305,8,TS_Stomach,220000000
2,23,-0.0076895665392526106,16,TS_Stomach,230000000
2,24,-0.001656681121358305,5,TS_Stomach,240000000
20,0,0.007794452039875114,15,TS_Stomach,0
20,1,0.003724394263955713,10,TS_Stomach,10000000
20,2,-0.00036753761862784174,11,TS_Stomach,20000000
20,3,-0.0018213012958208205,21,TS_Stomach,30000000
20,4,0.004887448873279085,17,TS_Stomach,40000000
20,5,0.014810892079281358,11,TS_Stomach,50000000
20,6,-0.02438957476340422,11,TS_Stomach,60000000
21,1,0.003495793434234116,8,TS_Stomach,10000000
21,2,-0.002222921952033545,6,TS_Stomach,20000000
21,3,0.00814467969428985,17,TS_Stomach,30000000
21,4,0.008184443968132254,14,TS_Stomach,40000000
22,1,0.0032882071306106647,15,TS_Stomach,10000000
22,2,-0.0026846382969875353,32,TS_Stomach,20000000
22,3,-0.002020438399755527,22,TS_Stomach,30000000
22,4,-0.010535621098559437,18,TS_Stomach,40000000
3,0,0.00885562646308458,8,TS_Stomach,0
3,1,-0.010586711326153186,14,TS_Stomach,10000000
3,2,-0.0058281551170619355,8,TS_Stomach,20000000
3,3,-0.007798589349732465,13,TS_Stomach,30000000
3,4,0.002164172339242014,23,TS_Stomach,40000000
3,5,-0.013848848480299993,17,TS_Stomach,50000000
3,6,0.013334946564119342,8,TS_Stomach,60000000
3,7,0.015271941594876782,8,TS_Stomach,70000000
3,8,0.0013435894363189964,5,TS_Stomach,80000000
3,9,-0.0013563496133083346,7,TS_Stomach,90000000
3,10,-0.01668758728425474,9,TS_Stomach,100000000
3,11,-0.0006939532369991481,11,TS_Stomach,110000000
3,12,0.008264822958096307,19,TS_Stomach,120000000
3,13,0.0035162196592724237,14,TS_Stomach,130000000
3,14,0.0007936196899381999,11,TS_Stomach,140000000
3,15,0.004478203334267213,12,TS_Stomach,150000000
3,16,0.0032603357259912064,8,TS_Stomach,160000000
3,17,0.017247953367932733,10,TS_Stomach,170000000
3,18,0.006457417885964398,17,TS_Stomach,180000000
3,19,0.012789325328637477,15,TS_Stomach,190000000
4,0,0.005455932636180774,19,TS_Stomach,0
4,1,0.007973011092437287,7,TS_Stomach,10000000
4,2,-0.0004493871919917979,5,TS_Stomach,20000000
4,3,-0.01093015162343008,5,TS_Stomach,30000000
4,4,0.0008014818210301471,9,TS_Stomach,40000000
4,5,-0.0003969796231396124,8,TS_Stomach,50000000
4,6,5.5935700772375653e-05,7,TS_Stomach,60000000
4,7,-0.0042349409432667524,12,TS_Stomach,70000000
4,8,0.013044725164593048,11,TS_Stomach,80000000
4,9,0.005494371640772256,6,TS_Stomach,90000000
4,10,-0.0021970913258557876,10,TS_Stomach,100000000
4,11,-0.0005129515313909121,9,TS_Stomach,110000000
4,12,0.0026364910052020297,7,TS_Stomach,120000000
4,13,0.011868583413457184,5,TS_Stomach,130000000
4,14,0.010859908970468195,8,TS_Stomach,140000000
4,15,0.007519908569807611,10,TS_Stomach,150000000
4,16,0.00987293902464747,6,TS_Stomach,160000000
4,17,0.025427262487162747,6,TS_Stomach,170000000
4,18,0.006087622501398982,9,TS_Stomach,180000000
5,0,0.001210751771346465,10,TS_Stomach,0
5,1,0.006243899782185214,9,TS_Stomach,10000000
5,3,-0.009739565610620709,10,TS_Stomach,30000000
5,4,-0.01199420022537227,5,TS_Stomach,40000000
5,5,0.008248510638657953,9,TS_Stomach,50000000
5,6,0.006822467994424018,9,TS_Stomach,60000000
5,7,-0.003725808896645946,13,TS_Stomach,70000000
5,8,-0.02274401814531883,8,TS_Stomach,80000000
5,9,0.04184470838142594,8,TS_Stomach,90000000
5,10,0.008571347443969883,5,TS_Stomach,100000000
5,11,-0.001497439424334372,9,TS_Stomach,110000000
5,12,0.0032049714658930013,7,TS_Stomach,120000000
5,13,-0.0023624607596282776,16,TS_Stomach,130000000
5,14,0.005947431566637111,18,TS_Stomach,140000000
5,15,-0.020992963938197533,11,TS_Stomach,150000000
5,16,-0.0016536018420689868,6,TS_Stomach,160000000
5,17,0.010314600485883535,16,TS_Stomach,170000000
6,0,0.016496837720579662,11,TS_Stomach,0
6,1,0.041305665650561964,10,TS_Stomach,10000000
6,2,-0.005541422678651736,28,TS_Stomach,20000000
6,3,-0.03171832790817511,36,TS_Stomach,30000000
6,4,-0.00012470134710489947,17,TS_Stomach,40000000
6,5,0.0006092770253966912,10,TS_Stomach,50000000
6,7,-0.01997178126285567,9,TS_Stomach,70000000
6,8,0.002377664369226863,9,TS_Stomach,80000000
6,9,-0.0028795554582053727,5,TS_Stomach,90000000
6,10,-0.0014299287396739601,7,TS_Stomach,100000000
6,11,-0.0014756350915894375,10,TS_Stomach,110000000
6,12,0.0012521594686134322,7,TS_Stomach,120000000
6,13,-0.003069119829152354,13,TS_Stomach,130000000
6,14,0.010411639151116184,8,TS_Stomach,140000000
6,15,0.008269361550956991,11,TS_Stomach,150000000
6,16,0.03225960533403097,7,TS_Stomach,160000000
7,0,-0.0007090205089217551,13,TS_Stomach,0
7,1,-0.0048873740639500075,5,TS_Stomach,10000000
7,2,0.0004392990329559598,13,TS_Stomach,20000000
7,3,0.002560107837967822,12,TS_Stomach,30000000
7,4,-0.008171567608456587,10,TS_Stomach,40000000
7,5,-0.001972040927566493,10,TS_Stomach,50000000
7,6,0.0029026396527608704,12,TS_Stomach,60000000
7,7,0.0051794056088267865,14,TS_Stomach,70000000
7,8,0.004541282290568318,5,TS_Stomach,80000000
7,9,0.003199304548072904,14,TS_Stomach,90000000
7,10,0.018639420195193837,18,TS_Stomach,100000000
7,11,0.05103330324921911,6,TS_Stomach,110000000
7,12,0.0022057098050959427,11,TS_Stomach,120000000
7,13,0.008849709107861618,11,TS_Stomach,130000000
7,14,0.0005932882827968805,24,TS_Stomach,140000000
7,15,-0.0033685363575775675,11,TS_Stomach,150000000
8,0,0.002821647882240288,14,TS_Stomach,0
8,1,0.010713270488221424,12,TS_Stomach,10000000
8,2,0.012513558988429993,13,TS_Stomach,20000000
8,3,0.0012607375813799599,9,TS_Stomach,30000000
8,4,0.00877537373008823,8,TS_Stomach,40000000
8,5,0.013213867487990073,8,TS_Stomach,50000000
8,6,0.010877765503315161,8,TS_Stomach,60000000
8,7,-0.005441904385457895,8,TS_Stomach,70000000
8,8,-0.0011189692119923248,9,TS_Stomach,80000000
8,9,-0.013870308181994135,10,TS_Stomach,90000000
8,10,-0.007022894717895677,10,TS_Stomach,100000000
8,11,0.0010778077233902744,5,TS_Stomach,110000000
8,12,0.004927575299361903,9,TS_Stomach,120000000
8,13,0.04433058159419067,6,TS_Stomach,130000000
8,14,0.02707964167713265,13,TS_Stomach,140000000
9,0,0.005341427805869668,10,TS_Stomach,0
9,1,-0.026470093499800843,6,TS_Stomach,10000000
9,2,0.008214744968087608,9,TS_Stomach,20000000
9,3,0.003451306791619437,21,TS_Stomach,30000000
9,6,0.0013973605342299013,10,TS_Stomach,60000000
9,7,0.009955031209659437,8,TS_Stomach,70000000
9,8,0.018586062289597267,8,TS_Stomach,80000000
9,9,0.0037238963190925614,15,TS_Stomach,90000000
9,10,-0.0016303586622166675,10,TS_Stomach,100000000
9,11,0.0068102546699439935,9,TS_Stomach,110000000
9,12,-0.02295524302709588,19,TS_Stomach,120000000
9,13,-0.007485057108778933,21,TS_Stomach,130000000
1,0,-0.006894915916562128,22,UC_colon,0
1,1,-0.00555560647621227,23,UC_colon,10000000
1,2,0.005568387829965664,25,UC_colon,20000000
1,3,-0.008651350478926121,19,UC_colon,30000000
1,4,-0.008767106344714568,22,UC_colon,40000000
1,5,-0.0012947905230787974,15,UC_colon,50000000
1,6,0.001935238754174764,11,UC_colon,60000000
1,7,0.001824358685174066,8,UC_colon,70000000
1,8,-0.0020940050893611837,9,UC_colon,80000000
1,9,-0.0019814461729362833,12,UC_colon,90000000
1,10,0.0018060084309826252,11,UC_colon,100000000
1,11,0.003368605420046344,19,UC_colon,110000000
1,14,0.0012601744271265548,16,UC_colon,140000000
1,15,-0.018105255948402735,39,UC_colon,150000000
1,16,-0.004938827211787955,19,UC_colon,160000000
1,17,0.0019976119295524513,13,UC_colon,170000000
1,18,-0.0018031982667702233,9,UC_colon,180000000
1,19,0.0027470491330927604,6,UC_colon,190000000
1,20,-0.00012796892394719377,21,UC_colon,200000000
1,21,0.0031390701240132874,9,UC_colon,210000000
1,22,-0.0010693047579603866,18,UC_colon,220000000
1,23,0.0005267216278036466,12,UC_colon,230000000
1,24,0.0013437539851930032,15,UC_colon,240000000
10,0,-0.00034290338414705616,10,UC_colon,0
10,1,-0.0011955871837556998,10,UC_colon,10000000
10,2,0.002908278984896042,12,UC_colon,20000000
10,3,0.00017865259160486667,10,UC_colon,30000000
10,4,0.0005531570780474157,16,UC_colon,40000000
10,5,-0.0021943870683948327,5,UC_colon,50000000
10,6,0.0018807089485184114,10,UC_colon,60000000
10,7,-0.0025261452780993396,15,UC_colon,70000000
10,8,-0.003140563726446525,12,UC_colon,80000000
10,9,0.006364686979474198,14,UC_colon,90000000
10,10,-0.0013768134312633386,14,UC_colon,100000000
10,11,-0.0021371960223282825,12,UC_colon,110000000
10,12,-0.0016820289671635354,8,UC_colon,120000000
10,13,-0.001067720996511026,7,UC_colon,130000000
11,0,-0.0020223995107405955,37,UC_colon,0
11,1,0.0015718284673201818,14,UC_colon,10000000
11,2,-3.321479634137462e-05,6,UC_colon,20000000
11,3,0.0005773505101283232,8,UC_colon,30000000
11,4,-0.00018930757901736958,14,UC_colon,40000000
11,5,0.0018752535323648411,24,UC_colon,50000000
11,6,-0.007624053938246405,39,UC_colon,60000000
11,7,0.0021470120026127067,19,UC_colon,70000000
11,8,0.0007467884890282635,9,UC_colon,80000000
11,9,0.0024973761140192592,9,UC_colon,90000000
11,10,0.013652562790321152,9,UC_colon,100000000
11,11,-0.007029546898017224,19,UC_colon,110000000
11,12,-0.0007448569045452138,17,UC_colon,120000000
11,13,-0.002115213380599237,5,UC_colon,130000000
12,0,-0.015098748978906782,22,UC_colon,0
12,1,-0.0004981509473537057,15,UC_colon,10000000
12,2,0.002317679143533152,9,UC_colon,20000000
12,3,0.00024329020896409186,6,UC_colon,30000000
12,4,-0.0011211531284427826,15,UC_colon,40000000
12,5,-0.01950913076073799,31,UC_colon,50000000
12,6,0.0015304570031800177,12,UC_colon,60000000
12,7,0.0011653516324706505,7,UC_colon,70000000
12,8,0.0008053530127420527,5,UC_colon,80000000
12,9,0.01008849838987756,10,UC_colon,90000000
12,10,-0.0010092767081462174,14,UC_colon,100000000
12,11,0.008111635285796597,13,UC_colon,110000000
12,12,-0.006994480612675643,15,UC_colon,120000000
12,13,0.002292286904738428,6,UC_colon,130000000
13,1,0.0015502161006219878,8,UC_colon,10000000
13,2,0.0016732794878411479,16,UC_colon,20000000
13,3,0.0002411706879000235,10,UC_colon,30000000
13,4,0.0008008455567187685,15,UC_colon,40000000
13,5,0.001248095440511069,9,UC_colon,50000000
13,6,-0.00019388043392364128,6,UC_colon,60000000
13,7,0.0037416548142655253,8,UC_colon,70000000
13,9,-7.950286336670453e-05,10,UC_colon,90000000
13,10,0.0026369172340576425,7,UC_colon,100000000
13,11,0.0006285335210860549,7,UC_colon,110000000
14,2,-0.006401880264909882,33,UC_colon,20000000
14,3,-0.0024057727474845235,11,UC_colon,30000000
14,4,0.00010702455438965702,6,UC_colon,40000000
14,5,-0.008168544395033187,12,UC_colon,50000000
14,6,0.0002089900984109136,13,UC_colon,60000000
14,7,-0.0016638044662021687,14,UC_colon,70000000
14,8,-0.0014320788011633115,6,UC_colon,80000000
14,9,-0.012753233250795899,12,UC_colon,90000000
14,10,0.003620321545012989,39,UC_colon,100000000
15,2,0.000360100500311732,24,UC_colon,20000000
15,3,-0.007648530685697606,12,UC_colon,30000000
15,4,-0.005159950286449349,19,UC_colon,40000000
15,5,0.005572499510641232,12,UC_colon,50000000
15,6,-0.010214094395509434,13,UC_colon,60000000
15,7,-0.0006874799560932954,18,UC_colon,70000000
15,8,0.00425214834670313,15,UC_colon,80000000
15,9,-0.0020580050520877372,10,UC_colon,90000000
16,0,-0.010438357734878296,28,UC_colon,0
16,1,0.004012912469782128,14,UC_colon,10000000
16,2,-0.011973171596616138,18,UC_colon,20000000
16,3,-0.0007755098291185409,19,UC_colon,30000000
16,5,-0.011444136961625622,15,UC_colon,50000000
16,6,-0.007807115827095848,13,UC_colon,60000000
16,7,-0.0030012616305374884,12,UC_colon,70000000
16,8,0.001740939269930847,15,UC_colon,80000000
17,0,-0.006194110331844307,30,UC_colon,0
17,1,-0.0005785026908995605,21,UC_colon,10000000
17,2,0.002362730989246708,15,UC_colon,20000000
17,3,-0.005120179376722515,21,UC_colon,30000000
17,4,-0.004376406259401814,39,UC_colon,40000000
17,5,-0.0076479519479123,13,UC_colon,50000000
17,6,0.01034102436626194,17,UC_colon,60000000
17,7,-0.0034132681003809008,19,UC_colon,70000000
17,8,-0.005321995727213298,10,UC_colon,80000000
18,0,7.773216958606207e-05,15,UC_colon,0
18,1,0.0012066551374247056,7,UC_colon,10000000
18,2,0.0008430399993685205,7,UC_colon,20000000
18,3,0.00017734574896830684,7,UC_colon,30000000
18,4,0.0023522936805277853,6,UC_colon,40000000
18,5,-9.807144393429951e-06,11,UC_colon,50000000
18,6,0.001625322246138922,6,UC_colon,60000000
18,7,0.0020939112172917384,5,UC_colon,70000000
19,0,-0.016605125614936683,36,UC_colon,0
19,1,-0.002081097627258945,40,UC_colon,10000000
19,2,0.0014669505371070095,13,UC_colon,20000000
19,3,-0.02209276304852362,26,UC_colon,30000000
19,4,-2.744375373487991e-05,42,UC_colon,40000000
19,5,0.00047355279842093215,45,UC_colon,50000000
2,0,-0.0005344495182479177,7,UC_colon,0
2,1,0.0027165347320436246,8,UC_colon,10000000
2,2,-0.007374495513513925,16,UC_colon,20000000
2,3,0.0009483742313011185,11,UC_colon,30000000
2,4,-0.007648027354864986,10,UC_colon,40000000
2,5,0.004119752212516401,7,UC_colon,50000000
2,6,0.0003360706074473109,14,UC_colon,60000000
2,7,-0.002339795345294065,14,UC_colon,70000000
2,8,-0.007887277579650222,18,UC_colon,80000000
2,9,-0.0018708770515276417,15,UC_colon,90000000
2,10,-6.965641388613406e-05,12,UC_colon,100000000
2,11,-0.0023161383916086224,12,UC_colon,110000000
2,12,0.00019680650065604337,8,UC_colon,120000000
2,13,0.0064779978504683495,16,UC_colon,130000000
2,14,0.008162334964728466,6,UC_colon,140000000
2,15,0.005525977523803578,9,UC_colon,150000000
2,16,0.0023300924850390746,8,UC_colon,160000000
2,17,-0.001986169159859909,13,UC_colon,170000000
2,18,0.0017267918236351057,7,UC_colon,180000000
2,19,-0.0005493125520667878,8,UC_colon,190000000
2,20,0.002859618157804579,17,UC_colon,200000000
2,21,-0.0035457502403627105,15,UC_colon,210000000
2,22,-0.0011352720383595262,8,UC_colon,220000000
2,23,0.003264961807688657,16,UC_colon,230000000
2,24,-0.0012115977525993956,5,UC_colon,240000000
20,0,-0.001753675795881992,15,UC_colon,0
20,1,-0.0023749531978737555,10,UC_colon,10000000
20,2,-0.002773346228953024,11,UC_colon,20000000
20,3,-0.008737700651839703,21,UC_colon,30000000
20,4,0.0032501321880166836,17,UC_colon,40000000
20,5,0.0007659671832553534,11,UC_colon,50000000
20,6,-0.011165185745763063,11,UC_colon,60000000
21,1,-0.00034923162217679547,8,UC_colon,10000000
21,2,0.0015897914317598144,6,UC_colon,20000000
21,3,9.147712536393963e-05,18,UC_colon,30000000
21,4,-0.007418351095010289,13,UC_colon,40000000
22,1,-0.00153532529994892,15,UC_colon,10000000
22,2,0.0064972701577379844,32,UC_colon,20000000
22,3,-0.005107011806480529,22,UC_colon,30000000
22,4,-0.0050199887691733365,18,UC_colon,40000000
3,0,0.004559663555154428,8,UC_colon,0
3,1,0.002438771454284574,14,UC_colon,10000000
3,2,0.000681144082569225,8,UC_colon,20000000
3,3,0.0034232187828161114,12,UC_colon,30000000
3,4,-0.002948003298545794,24,UC_colon,40000000
3,5,-0.00035625423406379495,17,UC_colon,50000000
3,6,0.0020164299173333505,8,UC_colon,60000000
3,7,0.002971480269493485,8,UC_colon,70000000
3,8,0.0026719288405796108,5,UC_colon,80000000
3,9,-0.0020457843321276025,7,UC_colon,90000000
3,10,-0.0010221348460135718,9,UC_colon,100000000
3,11,0.0015292202340153806,11,UC_colon,110000000
3,12,8.541503390721006e-05,19,UC_colon,120000000
3,13,0.002813954700838826,14,UC_colon,130000000
3,14,-0.0013371262574357217,11,UC_colon,140000000
3,15,0.0015037111524804853,12,UC_colon,150000000
3,16,-0.0016088194228011075,8,UC_colon,160000000
3,17,0.00014960731083390165,10,UC_colon,170000000
3,18,-0.0004132408782175532,17,UC_colon,180000000
3,19,0.0011276782945545125,15,UC_colon,190000000
4,0,-0.00046066090845472307,19,UC_colon,0
4,1,0.0010586716435502963,7,UC_colon,10000000
4,2,0.00527394026585608,5,UC_colon,20000000
4,3,0.020749065431117583,5,UC_colon,30000000
4,4,-0.0001842340856953081,9,UC_colon,40000000
4,5,-0.0017994922880313286,8,UC_colon,50000000
4,6,-0.0012684241473284769,7,UC_colon,60000000
4,7,0.004762616710728661,12,UC_colon,70000000
4,8,0.010083302206821533,11,UC_colon,80000000
4,9,-0.0017527255453324041,6,UC_colon,90000000
4,10,0.004919513123470383,10,UC_colon,100000000
4,11,-6.522165735239691e-05,9,UC_colon,110000000
4,12,0.0009269471962541331,7,UC_colon,120000000
4,13,-0.0004519593385125309,5,UC_colon,130000000
4,14,0.00022876955947129476,8,UC_colon,140000000
4,15,0.0042334355084461695,10,UC_colon,150000000
4,16,-0.0004808171633784337,6,UC_colon,160000000
4,17,-9.282498582718789e-05,6,UC_colon,170000000
4,18,0.0007762666025698295,9,UC_colon,180000000
5,0,-0.0020318512287155104,10,UC_colon,0
5,1,-4.885106516533644e-05,9,UC_colon,10000000
5,3,-0.00031728909859611256,10,UC_colon,30000000
5,4,-0.002450217809246597,5,UC_colon,40000000
5,5,-0.0004903826168080358,9,UC_colon,50000000
5,6,0.0015174974379602636,9,UC_colon,60000000
5,7,-0.0005125312449554759,13,UC_colon,70000000
5,8,0.004166000583612877,8,UC_colon,80000000
5,9,0.0005902499805478326,8,UC_colon,90000000
5,10,0.0010868829678428878,5,UC_colon,100000000
5,11,0.006157012101922964,9,UC_colon,110000000
5,12,0.0070412510716686945,7,UC_colon,120000000
5,13,-0.005815557097163147,16,UC_colon,130000000
5,14,2.3923252836704177e-05,18,UC_colon,140000000
5,15,0.023358578241519032,11,UC_colon,150000000
5,16,0.0007434155979548947,6,UC_colon,160000000
5,17,0.0023351080100765574,16,UC_colon,170000000
6,0,0.00763131885480483,11,UC_colon,0
6,1,0.0005860136587236802,10,UC_colon,10000000
6,2,0.005028197916427056,28,UC_colon,20000000
6,3,0.08306580586231925,37,UC_colon,30000000
6,4,-0.004944386779455497,16,UC_colon,40000000
6,5,0.00033292572521740206,10,UC_colon,50000000
6,7,9.266426198568505e-05,9,UC_colon,70000000
6,8,0.0016807467756538772,9,UC_colon,80000000
6,9,0.003836203066190401,5,UC_colon,90000000
6,10,0.006656704517096221,7,UC_colon,100000000
6,11,0.0013105172995049267,10,UC_colon,110000000
6,12,-0.0018717188749499043,7,UC_colon,120000000
6,13,0.0030209780185706417,13,UC_colon,130000000
6,14,-0.0007092047720037703,8,UC_colon,140000000
6,15,-0.00013295741258818698,11,UC_colon,150000000
6,16,0.0017175808524680879,7,UC_colon,160000000
7,0,-0.0023799764963389936,13,UC_colon,0
7,1,-0.0020314404729139964,5,UC_colon,10000000
7,2,-0.00022477839825450484,13,UC_colon,20000000
7,3,9.946736375485053e-05,12,UC_colon,30000000
7,4,0.00012558431917457296,10,UC_colon,40000000
7,5,-0.0017444050889207554,10,UC_colon,50000000
7,6,-7.8204547511766e-06,12,UC_colon,60000000
7,7,-0.007652052671324571,14,UC_colon,70000000
7,8,-0.0026912935733238138,5,UC_colon,80000000
7,9,-0.0057736618391384595,14,UC_colon,90000000
7,10,-0.005674529585615659,18,UC_colon,100000000
7,11,-0.0006935479499573129,6,UC_colon,110000000
7,12,-0.0007509330415428928,11,UC_colon,120000000
7,13,0.002012637645300235,11,UC_colon,130000000
7,14,-0.002515748288640905,24,UC_colon,140000000
7,15,-0.021693864740515316,11,UC_colon,150000000
8,0,0.0003555026966556815,14,UC_colon,0
8,1,0.00027219170891020346,12,UC_colon,10000000
8,2,0.0010846556442729125,13,UC_colon,20000000
8,3,-0.0010680248278950196,9,UC_colon,30000000
8,4,0.004448443353197661,9,UC_colon,40000000
8,5,0.013414112655647093,7,UC_colon,50000000
8,6,0.0013024317619203826,8,UC_colon,60000000
8,7,0.0012430964240925568,8,UC_colon,70000000
8,8,-0.005744479591111015,9,UC_colon,80000000
8,9,0.0027993147128561823,10,UC_colon,90000000
8,10,0.0016952646514571859,10,UC_colon,100000000
8,11,-0.0011783184447712216,5,UC_colon,110000000
8,12,-0.00135725217150288,9,UC_colon,120000000
8,13,-0.0003874837287811595,6,UC_colon,130000000
8,14,-0.0018198062862528049,13,UC_colon,140000000
9,0,-0.0005654871779519118,10,UC_colon,0
9,1,0.0003019692530577155,6,UC_colon,10000000
9,2,-0.0006401720140765447,9,UC_colon,20000000
9,3,-0.001160483781959351,21,UC_colon,30000000
9,6,0.00028681070540025695,10,UC_colon,60000000
9,7,-0.0034668954335496916,8,UC_colon,70000000
9,8,-0.0003581680205450126,8,UC_colon,80000000
9,9,-0.00018011339093825323,15,UC_colon,90000000
9,10,-0.0009051392630602438,10,UC_colon,100000000
9,11,-0.004474165747673777,9,UC_colon,110000000
9,12,-0.002663733854942766,19,UC_colon,120000000
9,13,-0.009065447693878015,21,UC_colon,130000000
